SERIES,SYMBOL,SECURITY,RECORD_DT,BC_STRT_DT,BC_END_DT,EX_DT,ND_STRT_DT,ND_END_DT,PURPOSE
BE,JAICORPLTD,Jai Corp Limited, ,28/08/2024,03/09/2024,27/08/2024, , ,AGM/DIV - RE 0.5 PER SH  
BE,SHREERAMA,Shree Rama Multitech-Depo, ,30/08/2024,05/09/2024,29/08/2024, , ,ANNUAL GENERAL MEETING   
BE,WEWIN,WE WIN LIMITED, ,31/08/2024,06/09/2024,30/08/2024, , ,ANNUAL GENERAL MEETING   
BE,NIRAJISPAT,Niraj Ispat Ind Ltd, ,30/08/2024,08/09/2024,29/08/2024, , ,ANNUAL GENERAL MEETING   
BE,MEDICO,Medico Remedies Limited, ,30/08/2024,05/09/2024,29/08/2024, , ,ANNUAL GENERAL MEETING   
BE,NAVA,Nava Bharat Ventures Ltd.,01/09/2024, , ,30/08/2024, , ,INTDIV - RS 4 PER SH     
BE,KUANTUM,Kuantum Papers Limited, ,24/08/2024,30/08/2024,23/08/2024, , ,ANNUAL GENERAL MEETING   
BE,HONASA,Honasa Consumer Limited, ,23/08/2024,29/08/2024,22/08/2024, , ,ANNUAL GENERAL MEETING   
BE,EXPLEOSOL,Expleo Solutions Limited, ,23/08/2024,29/08/2024,22/08/2024, , ,ANNUAL GENERAL MEETING   
BE,RPPL,Rajshree PolyPack Ltd, ,23/08/2024,29/08/2024,22/08/2024, , ,ANNUAL GENERAL MEETING   
BE,IL&FSENGG,IL&FS Eng and Cons Co Ltd, ,22/08/2024,29/08/2024,21/08/2024, , ,ANNUAL GENERAL MEETING   
BE,SHEMAROO,Shemaroo Enter. Ltd., ,22/08/2024,29/08/2024,21/08/2024, , ,ANNUAL GENERAL MEETING   
BE,YUKEN,Yuken India Limited, ,29/08/2024,05/09/2024,28/08/2024, , ,AGM/DIV - RS 1.50 PER SH 
BE,VIJAYA,Vijaya Diagnostic Cen Ltd,30/08/2024, , ,30/08/2024, , ,DIV - RE 1 PER SH        
BE,AMJLAND,AMJ Land Holdings Limited, ,30/08/2024,06/09/2024,29/08/2024, , ,AGM/DIV - RS 0.20 PER SH 
BE,PDMJEPAPER,Pudumjee Paper Pro. Ltd, ,30/08/2024,06/09/2024,29/08/2024, , ,AGM/DIV - RS 0.60 PER SH 
BE,CLEAN,Clean Science & Tech Ltd, ,30/08/2024,05/09/2024,29/08/2024, , ,AGM/DIV - RS 3 PER SH    
BE,SHYAMMETL,Shyam Metalics and Engy L,30/08/2024, , ,30/08/2024, , ,DIV - RS 2.70 PER SH     
BE,JTLIND,JTL Infra Ltd,30/08/2024, , ,30/08/2024, , ,DIV - RE 0.25 PER SH     
BE,SALZERELEC,Salzer Electronics Ltd.,30/08/2024, , ,30/08/2024, , ,AGM/DIV - RS 2.50 PER SH 
BE,GANESHHOUC,Ganesh Housing Corp Ltd,30/08/2024, , ,30/08/2024, , ,DIV - RS 11 PER SH       
BE,FOCUS,Focus Lightg,30/08/2024, , ,30/08/2024, , ,DIV - RE 0.50 PER SH     
BE,MOIL,MOIL Limited,30/08/2024, , ,30/08/2024, , ,DIV - RS 2.55 PER SH     
BE,HONDAPOWER,Honda I Power Product Ltd, ,30/08/2024,05/09/2024,29/08/2024, , ,AGM/DIV - RS 17.5 PER SH 
BE,OIL,Oil India Ltd,30/08/2024, , ,30/08/2024, , ,DIV - RS 2.50 PER SH     
BE,NCC,NCC Limited,30/08/2024, , ,30/08/2024, , ,DIV - RS 2.20 PER SH     
BE,UNITEDTEA,United Nilgiri Tea Ltd, ,31/08/2024,06/09/2024,30/08/2024, , ,AGM/DIV - RS 1.70 PER SH 
BE,TVSSRICHAK,TVS Srichakra Limited, ,31/08/2024,12/09/2024,30/08/2024, , ,AGM/DIV-RS 47.34 PER SH  
BE,ITDC,India Tour. Dev. Co. Ltd., ,02/09/2024,06/09/2024,30/08/2024, , ,ANNUAL GENERAL MEETING   
BE,MELSTAR,Melstar Info Tec Ltd,30/08/2024, , , , , ,CAPITAL REDUCTION        
BE,FCL,Fineotex Chemical Limited,03/09/2024, , ,03/09/2024, , ,DIV - RE 0.40 PER SH     
BE,FCL,Fineotex Chemical Limited, ,04/09/2024,10/09/2024,03/09/2024, , ,ANNUAL GENERAL MEETING   
BE,SUYOG,Suyog Telematics Limited,30/08/2024, , ,30/08/2024, , ,DIV - RS 1.25 PER SH     
BE,SMLISUZU,SML Isuzu Limited, ,07/09/2024,13/09/2024,06/09/2024, , ,ANNUAL GENERAL MEETING   
BE,OMAXAUTO,Omax Autos Limited, ,23/08/2024,29/08/2024,22/08/2024, , ,AGM/DIV - RE 1 PER SH    
BE,GANDHAR,Gandhar Oil Refine Ind L, ,29/08/2024,05/09/2024,28/08/2024, , ,ANNUAL GENERAL MEETING   
BE,SIRCA,Sirca Paint India Limited, ,23/08/2024,29/08/2024,22/08/2024, , ,ANNUAL GENERAL MEETING   
BE,CAREERP,Career Point Limited,30/08/2024, , ,30/08/2024, , ,INTDIV - RE 1 PER SH     
BE,DMCC,Dharamsi Morarji Chem Ltd, ,29/08/2024,04/09/2024,28/08/2024, , ,ANNUAL GENERAL MEETING   
BE,SMLISUZU,SML Isuzu Limited,06/09/2024, , ,06/09/2024, , ,DIV - RS 16 PER SH       
BE,UFLEX,UFLEX Limited, ,31/08/2024,19/09/2024,30/08/2024, , ,AGM/DIV - RE 1 PER SH    
BE,NUCLEUS,Nucleus Software Exports,03/09/2024, , ,03/09/2024, , ,BUY BACK                 
BE,HIKAL,Hikal Limited,04/09/2024, , ,04/09/2024, , ,DIV - RE 0.60 PER SH     
BE,HIKAL,Hikal Limited, ,11/09/2024,17/09/2024,10/09/2024, , ,ANNUAL GENERAL MEETING   
BE,PARAGMILK,Parag Milk Foods Ltd.,04/09/2024, , ,04/09/2024, , ,DIV - RE 0.50 PER SH     
BE,KRONOX,Kronox Lab Sciences Ltd, ,24/08/2024,30/08/2024,23/08/2024, , ,AGM/DIV - RE 0.50 PER SH 
BE,GODFRYPHLP,Godfrey Phillips-Depo, ,24/08/2024,06/09/2024,23/08/2024, , ,AGM/DIV - RS 56 PER SH   
BE,KTKBANK,Karnataka Bank Limited, ,04/09/2024,10/09/2024,03/09/2024, , ,DIV - RS 5.50 PER SH     
BE,VSTIND,VST Industries Ltd.,06/09/2024, , ,06/09/2024, , ,BONUS 10:1               
BE,TVVISION,TV Vision Limited, ,24/08/2024,30/08/2024,23/08/2024, , ,ANNUAL GENERAL MEETING   
BE,AUROPHARMA,AUROPHARMA - Depo, ,27/08/2024,29/08/2024,26/08/2024, , ,ANNUAL GENERAL MEETING   
BE,JPPOWER, Jaiprakash Power Ven. Lt, ,27/08/2024,02/09/2024,26/08/2024, , ,ANNUAL GENERAL MEETING   
BE,DHRUV,Dhruv Consultancy Ser Ltd, ,27/08/2024,02/09/2024,26/08/2024, , ,ANNUAL GENERAL MEETING   
BE,ASTRAMICRO,Astra Microwave Ltd, ,24/08/2024,30/08/2024,23/08/2024, , ,AGM/DIV - RS 2 PER SH    
BE,BHAGERIA,Bhageria Industries Ltd, ,24/08/2024,31/08/2024,23/08/2024, , ,AGM/DIV - RE 1 PER SH    
BE,GLOBUSSPR,Globus Spirits Limited, ,23/08/2024,29/08/2024,22/08/2024, , ,ANNUAL GENERAL MEETING   
BE,IVC,IL&FS Investment Managers, ,24/08/2024,30/08/2024,23/08/2024, , ,AGM/DIV - RE 0.70 PER SH 
BE,EKC,Everest Kanto Cylinder Li, ,24/08/2024,30/08/2024,23/08/2024, , ,AGM/DIV - RE 0.70 PER SH 
BE,LGBBROSLTD,LG Balakrishnan & Bros, ,23/08/2024,29/08/2024,22/08/2024, , ,AGM/DIV - RS 18 PER SH   
BE,BBL,Bharat Bijlee Ltd - Depo, ,22/08/2024,29/08/2024,21/08/2024, , ,AGM/DIV - RS 35 PER SH   
BE,LICHSGFIN,LIC HOUSING FINANCE LTD, ,24/08/2024,29/08/2024,23/08/2024, , ,AGM/DIV - RS 9 PER SH    
BE,MANYAVAR,Vedant Fashions Limited, ,24/08/2024,30/08/2024,23/08/2024, , ,AGM/DIV - RS 8.50 PER SH 
BE,MANORAMA,Manorama Industries Ltd, ,28/08/2024,03/09/2024,27/08/2024, , ,AGM/DIV - RE 0.40 PER SH 
BE,SOMATEX,Soma Textiles & Ind. Ltd., ,28/08/2024,07/09/2024,27/08/2024, , ,ANNUAL GENERAL MEETING   
BE,SCHNEIDER,Schneider Electric Infra, ,28/08/2024,03/09/2024,27/08/2024, , ,ANNUAL GENERAL MEETING   
BE,COUNCODOS,Country Condo's Limited, ,24/08/2024,30/08/2024,23/08/2024, , ,ANNUAL GENERAL MEETING   
BE,FEDERALBNK,Federal Bank- depo, ,25/08/2024,31/08/2024,23/08/2024, , ,AGM/DIV - RS 1.20 PER SH 
BE,MAZDA,Mazda Limited, ,23/08/2024,30/08/2024,22/08/2024, , ,ANNUAL GENERAL MEETING   
BE,CORALFINAC,Coral India Finance Hsg, ,21/08/2024,30/08/2024,20/08/2024, , ,AGM/DIV - RE 0.40 PER SH 
BE,HESTERBIO,Hester Biosciences Ltd, ,23/08/2024,29/08/2024,22/08/2024, , ,ANNUAL GENERAL MEETING   
BE,THEJO,Thejo Engineering Limited, ,23/08/2024,29/08/2024,22/08/2024, , ,DIV - RS 3 PER SH        
BE,KAKATCEM,Kakatiya Cements Ltd, ,23/08/2024,29/08/2024,22/08/2024, , ,AGM/DIV - RS 3 PER SH    
BE,JMA,Jullundur Mot Agency Ltd, ,23/08/2024,29/08/2024,22/08/2024, , ,AGM/DIV - RS 2 PER SH    
BE,POWERMECH,Power Mech Projects Ltd.,28/09/2024, , ,27/09/2024, , ,BONUS 1:1                
BE,DYNAMATECH,Dynamatic Tech. Ltd., ,30/08/2024,05/09/2024,29/08/2024, , ,ANNUAL GENERAL MEETING   
BE,SCPL,Sheetal Cool Products Ltd, ,30/08/2024,05/09/2024,29/08/2024, , ,ANNUAL GENERAL MEETING   
BE,SPORTKING,Sportking India Limited,13/09/2024, , ,13/09/2024, , ,FVSPLT FRM RS10 TO RE1   
BE,ASAHIINDIA,Asahi India Glass Limited, ,29/08/2024,04/09/2024,28/08/2024, , ,AGM/DIV - RS 2 PER SH    
BE,SHYAMMETL,Shyam Metalics and Engy L, ,31/08/2024,06/09/2024,30/08/2024, , ,ANNUAL GENERAL MEETING   
BE,MENONBE,Menon Bearings Limited, ,31/08/2024,06/09/2024,30/08/2024, , ,ANNUAL GENERAL MEETING   
BE,TATAMTRDVR,Tata Motors DVR 'A' Ord,01/09/2024, , , , , ,MERGER                   
BE,JKPAPER,JK Paper Limited, ,21/08/2024,03/09/2024,20/08/2024, , ,AGM/DIV - RS 5 PER SH    
BE,IRCTC,Indian Rail Tour Corp Ltd, ,24/08/2024,30/08/2024,23/08/2024, , ,ANNUAL GENERAL MEETING   
BE,RKFORGE,Ramkrishna Forgings Ltd, ,24/08/2024,31/08/2024,23/08/2024, , ,ANNUAL GENERAL MEETING   
BE,WINDMACHIN,Windsor Machines Limited, ,28/08/2024,03/09/2024,27/08/2024, , ,AGM/DIV - RE 0.50 PER SH 
BE,FORCEMOT,Force Motors Limited, ,29/08/2024,04/09/2024,28/08/2024, , ,ANNUAL GENERAL MEETING   
BE,SIGACHI,Sigachi Industries Ltd, ,29/08/2024,04/09/2024,28/08/2024, , ,AGM/DIV - RE 0.10 PER SH 
BE,CREST,Crest Ventures Limited, ,25/08/2024,31/08/2024,23/08/2024, , ,ANNUAL GENERAL MEETING   
BE,TCNSBRANDS,TCNS Clothing Co. Limited,03/09/2024, , , , , ,MERGER                   
BE,MARSHALL,Marshall Machines Ltd, ,31/08/2024,06/09/2024,30/08/2024, , ,ANNUAL GENERAL MEETING   
BE,EPACK,EPACK Durable Limited, ,31/08/2024,06/09/2024,30/08/2024, , ,ANNUAL GENERAL MEETING   
BE,NDL,Nandan Denim Limited, ,31/08/2024,06/09/2024,30/08/2024, , ,ANNUAL GENERAL MEETING   
BE,AIROLAM,Airo Lam Limited, ,28/08/2024,03/09/2024,27/08/2024, , ,ANNUAL GENERAL MEETING   
BE,SANGINITA,Sanginita Chemicals Limit, ,28/08/2024,04/09/2024,27/08/2024, , ,ANNUAL GENERAL MEETING   
BE,RADIANTCMS,Radiant Cash Mgmt Ser Ltd,29/08/2024, , ,29/08/2024, , ,DIV - RS 2.50 PER SH     
BE,SAPPHIRE,Sapphire Foods India Ltd,05/09/2024, , ,05/09/2024, , ,FVSPLT FRM RS 10 TO RS 2 
BE,ROHLTD,Royal Orchid Hotels Limit,30/08/2024, , ,30/08/2024, , ,DIV - RS 2.50 PER SH     
BE,CANTABIL,Cantabil Retail Ltd,30/08/2024, , ,30/08/2024, , ,DIV - RE 0.50 PER SH     
BE,THOMASCOOK,THOMASCOOK - Depo, ,19/08/2024,30/08/2024,16/08/2024, , ,DIV-RS0.40/SPLDIV-RS0.20 
BE,ANDHRAPAP,ANDHRA PAPER LIMITED,11/09/2024, , ,11/09/2024, , ,FVSPLT FRM RS 10 TO RS 2 
BE,AARTIDRUGS,Aarti Drugs Ltd.,05/09/2024, , ,05/09/2024, , ,BUY BACK                 
BE,PFC,Power Finance Corporation,30/08/2024, , ,30/08/2024, , ,INTDIV - RS 3.25 PER SH  
BE,ITDC,India Tour. Dev. Co. Ltd.,30/08/2024, , ,30/08/2024, , ,DIV - RS 2.52 PER SH     
BE,WEIZMANIND,Weizmann Ltd,30/08/2024, , ,30/08/2024, , ,BUY BACK                 
BE,TCI,Transport Corp of Ind Ltd,04/09/2024, , ,04/09/2024, , ,BUY BACK                 
BE,IGPL,IG Petrochemicals Ltd., ,30/08/2024,03/09/2024,29/08/2024, , ,AGM/DIV - RS 7.50 PER SH 
BE,JAMNAAUTO,Jamna Auto Ind Ltd, ,30/08/2024,05/09/2024,29/08/2024, , ,AGM/DIV - RS 1.30 PER SH 
BE,SARDAEN,Sarda Energy & Min Ltd,30/08/2024, , ,30/08/2024, , ,DIV - RE 1 PER SH        
BE,DUCON,Ducon Infratech Ltd,30/08/2024, , ,30/08/2024, , ,RIGHTS 1:4 @ PRM RS 6/-  
BE,BIGBLOC,Bigbloc Construction Ltd, ,23/08/2024,29/08/2024,22/08/2024, , ,ANNUAL GENERAL MEETING   
BE,JSL,Jindal Stainless Limited,30/08/2024, , ,30/08/2024, , ,DIV - RS 2 PER SH        
BE,KAJARIACER,Kajaria Ceramics Ltd, ,31/08/2024,06/09/2024,30/08/2024, , ,AGM/DIV - RS 6 PER SH    
BE,QUICKHEAL,Quick Heal Tech Ltd, ,31/08/2024,06/09/2024,30/08/2024, , ,DIV - RS 3 PER SHARE     
BE,CALSOFT,CaliforniaSoft- Roll Sett, ,02/09/2024,09/09/2024,30/08/2024, , ,ANNUAL GENERAL MEETING   
BE,PARAGMILK,Parag Milk Foods Ltd., ,05/09/2024,11/09/2024,04/09/2024, , ,ANNUAL GENERAL MEETING   
BE,KOPRAN,Kopran Ltd., ,03/09/2024,05/09/2024,02/09/2024, , ,AGM/DIV - RS 3 PER SH    
BE,JBMA,JBM Auto Limited, ,06/09/2024,12/09/2024,05/09/2024, , ,AGM/DIV - RS 1.50 PER SH 
BZ,IL&FSENGG,IL&FS Eng and Cons Co Ltd, ,22/08/2024,29/08/2024,21/08/2024, , ,ANNUAL GENERAL MEETING   
BZ,CALSOFT,California Soft Ltd., ,02/09/2024,09/09/2024,30/08/2024, , ,ANNUAL GENERAL MEETING   
BZ,ASAHIINDIA,Asahi India Glass Limited, ,29/08/2024,04/09/2024,28/08/2024, , ,AGM/DIV - RS 2 PER SH    
BZ,MELSTAR,Melstar Info Tec Ltd,30/08/2024, , , , , ,CAPITAL REDUCTION        
EQ,COUNCODOS,Country Condo's Limited, ,24/08/2024,30/08/2024,23/08/2024, , ,ANNUAL GENERAL MEETING   
EQ,FEDERALBNK,Federal Bank Ltd., ,25/08/2024,31/08/2024,23/08/2024, , ,AGM/DIV - RS 1.20 PER SH 
EQ,MAZDA,Mazda Limited, ,23/08/2024,30/08/2024,22/08/2024, , ,ANNUAL GENERAL MEETING   
EQ,CORALFINAC,Coral India Fin & Hous Lt, ,21/08/2024,30/08/2024,20/08/2024, , ,AGM/DIV - RE 0.40 PER SH 
EQ,HESTERBIO,Hester Biosciences Ltd, ,23/08/2024,29/08/2024,22/08/2024, , ,ANNUAL GENERAL MEETING   
EQ,THEJO,Thejo Engineering Limited, ,23/08/2024,29/08/2024,22/08/2024, , ,DIV - RS 3 PER SH        
EQ,KAKATCEM,Kakatiya Cements Ltd, ,23/08/2024,29/08/2024,22/08/2024, , ,AGM/DIV - RS 3 PER SH    
EQ,JMA,Jullundur Mot Agency Ltd, ,23/08/2024,29/08/2024,22/08/2024, , ,AGM/DIV - RS 2 PER SH    
EQ,KUANTUM,Kuantum Papers Limited, ,24/08/2024,30/08/2024,23/08/2024, , ,ANNUAL GENERAL MEETING   
EQ,POWERMECH,Power Mech Projects Ltd.,28/09/2024, , ,27/09/2024, , ,BONUS 1:1                
EQ,DYNAMATECH,Dynamatic Tech. Ltd., ,30/08/2024,05/09/2024,29/08/2024, , ,ANNUAL GENERAL MEETING   
EQ,SCPL,Sheetal Cool Products Ltd, ,30/08/2024,05/09/2024,29/08/2024, , ,ANNUAL GENERAL MEETING   
EQ,SPORTKING,Sportking India Limited,13/09/2024, , ,13/09/2024, , ,FVSPLT FRM RS10 TO RE1   
EQ,ASAHIINDIA,Asahi India Glass Limited, ,29/08/2024,04/09/2024,28/08/2024, , ,AGM/DIV - RS 2 PER SH    
EQ,YUKEN,Yuken India Limited, ,29/08/2024,05/09/2024,28/08/2024, , ,AGM/DIV - RS 1.50 PER SH 
EQ,MENONBE,Menon Bearings Limited, ,31/08/2024,06/09/2024,30/08/2024, , ,ANNUAL GENERAL MEETING   
EQ,TATAMTRDVR,Tata Motors DVR 'A' Ord,01/09/2024, , , , , ,MERGER                   
EQ,JKPAPER,JK Paper Limited, ,21/08/2024,03/09/2024,20/08/2024, , ,AGM/DIV - RS 5 PER SH    
EQ,IRCTC,Indian Rail Tour Corp Ltd, ,24/08/2024,30/08/2024,23/08/2024, , ,ANNUAL GENERAL MEETING   
EQ,RKFORGE,Ramkrishna Forgings Ltd, ,24/08/2024,31/08/2024,23/08/2024, , ,ANNUAL GENERAL MEETING   
EQ,WINDMACHIN,Windsor Machines Limited, ,28/08/2024,03/09/2024,27/08/2024, , ,AGM/DIV - RE 0.50 PER SH 
EQ,FORCEMOT,Force Motors Limited, ,29/08/2024,04/09/2024,28/08/2024, , ,ANNUAL GENERAL MEETING   
EQ,SIGACHI,Sigachi Industries Ltd, ,29/08/2024,04/09/2024,28/08/2024, , ,AGM/DIV - RE 0.10 PER SH 
EQ,CREST,Crest Ventures Limited, ,25/08/2024,31/08/2024,23/08/2024, , ,ANNUAL GENERAL MEETING   
EQ,TCNSBRANDS,TCNS Clothing Co. Limited,03/09/2024, , , , , ,MERGER                   
EQ,AIROLAM,Airo Lam Limited, ,28/08/2024,03/09/2024,27/08/2024, , ,ANNUAL GENERAL MEETING   
EQ,MARSHALL,Marshall Machines Ltd, ,31/08/2024,06/09/2024,30/08/2024, , ,ANNUAL GENERAL MEETING   
EQ,EPACK,EPACK Durable Limited, ,31/08/2024,06/09/2024,30/08/2024, , ,ANNUAL GENERAL MEETING   
EQ,NDL,Nandan Denim Limited, ,31/08/2024,06/09/2024,30/08/2024, , ,ANNUAL GENERAL MEETING   
EQ,SHYAMMETL,Shyam Metalics and Engy L, ,31/08/2024,06/09/2024,30/08/2024, , ,ANNUAL GENERAL MEETING   
EQ,SANGINITA,Sanginita Chemicals Limit, ,28/08/2024,04/09/2024,27/08/2024, , ,ANNUAL GENERAL MEETING   
EQ,RADIANTCMS,Radiant Cash Mgmt Ser Ltd,29/08/2024, , ,29/08/2024, , ,DIV - RS 2.50 PER SH     
EQ,SAPPHIRE,Sapphire Foods India Ltd,05/09/2024, , ,05/09/2024, , ,FVSPLT FRM RS 10 TO RS 2 
EQ,ROHLTD,Royal Orchid Hotels Limit,30/08/2024, , ,30/08/2024, , ,DIV - RS 2.50 PER SH     
EQ,CANTABIL,Cantabil Retail Ltd,30/08/2024, , ,30/08/2024, , ,DIV - RE 0.50 PER SH     
EQ,PFC,Power Finance Corporation,30/08/2024, , ,30/08/2024, , ,INTDIV - RS 3.25 PER SH  
EQ,THOMASCOOK,Thomas Cook  (India)  Ltd, ,19/08/2024,30/08/2024,16/08/2024, , ,DIV-RS0.40/SPLDIV-RS0.20 
EQ,DUCON,Ducon Infratech Ltd,30/08/2024, , ,30/08/2024, , ,RIGHTS 1:4 @ PRM RS 6/-  
EQ,ANDHRAPAP,ANDHRA PAPER LIMITED,11/09/2024, , ,11/09/2024, , ,FVSPLT FRM RS 10 TO RS 2 
EQ,AARTIDRUGS,Aarti Drugs Ltd.,05/09/2024, , ,05/09/2024, , ,BUY BACK                 
EQ,ITDC,India Tour. Dev. Co. Ltd.,30/08/2024, , ,30/08/2024, , ,DIV - RS 2.52 PER SH     
EQ,WEIZMANIND,Weizmann Ltd,30/08/2024, , ,30/08/2024, , ,BUY BACK                 
EQ,TCI,Transport Corporation of,04/09/2024, , ,04/09/2024, , ,BUY BACK                 
EQ,IGPL,IG Petrochemicals Ltd., ,30/08/2024,03/09/2024,29/08/2024, , ,AGM/DIV - RS 7.50 PER SH 
EQ,JAMNAAUTO,Jamna Auto Ind Ltd, ,30/08/2024,05/09/2024,29/08/2024, , ,AGM/DIV - RS 1.30 PER SH 
EQ,SARDAEN,Sarda Energy & Min Ltd,30/08/2024, , ,30/08/2024, , ,DIV - RE 1 PER SH        
EQ,JSL,Jindal Stainless Limited,30/08/2024, , ,30/08/2024, , ,DIV - RS 2 PER SH        
EQ,BIGBLOC,Bigbloc Construction Ltd, ,23/08/2024,29/08/2024,22/08/2024, , ,ANNUAL GENERAL MEETING   
EQ,KAJARIACER,Kajaria Ceramics Ltd, ,31/08/2024,06/09/2024,30/08/2024, , ,AGM/DIV - RS 6 PER SH    
EQ,QUICKHEAL,Quick Heal Tech Ltd, ,31/08/2024,06/09/2024,30/08/2024, , ,DIV - RS 3 PER SHARE     
EQ,CALSOFT,California Soft Ltd., ,02/09/2024,09/09/2024,30/08/2024, , ,ANNUAL GENERAL MEETING   
EQ,KOPRAN,Kopran Ltd., ,03/09/2024,05/09/2024,02/09/2024, , ,AGM/DIV - RS 3 PER SH    
EQ,JBMA,JBM Auto Limited, ,06/09/2024,12/09/2024,05/09/2024, , ,AGM/DIV - RS 1.50 PER SH 
EQ,JAICORPLTD,Jai Corp Limited, ,28/08/2024,03/09/2024,27/08/2024, , ,AGM/DIV - RE 0.5 PER SH  
EQ,SHREERAMA,Shree Rama Multi-Tech Ltd, ,30/08/2024,05/09/2024,29/08/2024, , ,ANNUAL GENERAL MEETING   
EQ,WEWIN,WE WIN LIMITED, ,31/08/2024,06/09/2024,30/08/2024, , ,ANNUAL GENERAL MEETING   
EQ,NIRAJISPAT,Niraj Ispat Ind Ltd, ,30/08/2024,08/09/2024,29/08/2024, , ,ANNUAL GENERAL MEETING   
EQ,MEDICO,Medico Remedies Limited, ,30/08/2024,05/09/2024,29/08/2024, , ,ANNUAL GENERAL MEETING   
EQ,NAVA,Nava Bharat Ventures Ltd.,01/09/2024, , ,30/08/2024, , ,INTDIV - RS 4 PER SH     
EQ,UNITEDTEA,United Nilgiri Tea Ltd, ,31/08/2024,06/09/2024,30/08/2024, , ,AGM/DIV - RS 1.70 PER SH 
EQ,HONASA,Honasa Consumer Limited, ,23/08/2024,29/08/2024,22/08/2024, , ,ANNUAL GENERAL MEETING   
EQ,EXPLEOSOL,Expleo Solutions Limited, ,23/08/2024,29/08/2024,22/08/2024, , ,ANNUAL GENERAL MEETING   
EQ,RPPL,Rajshree PolyPack Ltd, ,23/08/2024,29/08/2024,22/08/2024, , ,ANNUAL GENERAL MEETING   
EQ,IL&FSENGG,IL&FS Eng and Cons Co Ltd, ,22/08/2024,29/08/2024,21/08/2024, , ,ANNUAL GENERAL MEETING   
EQ,SHEMAROO,Shemaroo Enter. Ltd., ,22/08/2024,29/08/2024,21/08/2024, , ,ANNUAL GENERAL MEETING   
EQ,GANDHAR,Gandhar Oil Refine Ind L, ,29/08/2024,05/09/2024,28/08/2024, , ,ANNUAL GENERAL MEETING   
EQ,VIJAYA,Vijaya Diagnostic Cen Ltd,30/08/2024, , ,30/08/2024, , ,DIV - RE 1 PER SH        
EQ,AMJLAND,AMJ Land Holdings Limited, ,30/08/2024,06/09/2024,29/08/2024, , ,AGM/DIV - RS 0.20 PER SH 
EQ,PDMJEPAPER,Pudumjee Paper Pro. Ltd, ,30/08/2024,06/09/2024,29/08/2024, , ,AGM/DIV - RS 0.60 PER SH 
EQ,CLEAN,Clean Science & Tech Ltd, ,30/08/2024,05/09/2024,29/08/2024, , ,AGM/DIV - RS 3 PER SH    
EQ,SHYAMMETL,Shyam Metalics and Engy L,30/08/2024, , ,30/08/2024, , ,DIV - RS 2.70 PER SH     
EQ,JTLIND,JTL Infra Ltd,30/08/2024, , ,30/08/2024, , ,DIV - RE 0.25 PER SH     
EQ,HONDAPOWER,Honda I Power Product Ltd, ,30/08/2024,05/09/2024,29/08/2024, , ,AGM/DIV - RS 17.5 PER SH 
EQ,SALZERELEC,Salzer Electronics Ltd.,30/08/2024, , ,30/08/2024, , ,AGM/DIV - RS 2.50 PER SH 
EQ,GANESHHOUC,Ganesh Housing Corp Ltd,30/08/2024, , ,30/08/2024, , ,DIV - RS 11 PER SH       
EQ,FOCUS,Focus Lightg,30/08/2024, , ,30/08/2024, , ,DIV - RE 0.50 PER SH     
EQ,MOIL,MOIL Limited,30/08/2024, , ,30/08/2024, , ,DIV - RS 2.55 PER SH     
EQ,OIL,Oil India Ltd,30/08/2024, , ,30/08/2024, , ,DIV - RS 2.50 PER SH     
EQ,NCC,NCC Limited,30/08/2024, , ,30/08/2024, , ,DIV - RS 2.20 PER SH     
EQ,TVSSRICHAK,TVS Srichakra Limited, ,31/08/2024,12/09/2024,30/08/2024, , ,AGM/DIV-RS 47.34 PER SH  
EQ,ITDC,India Tour. Dev. Co. Ltd., ,02/09/2024,06/09/2024,30/08/2024, , ,ANNUAL GENERAL MEETING   
EQ,MELSTAR,Melstar Info Tec Ltd,30/08/2024, , , , , ,CAPITAL REDUCTION        
EQ,FCL,Fineotex Chemical Limited,03/09/2024, , ,03/09/2024, , ,DIV - RE 0.40 PER SH     
EQ,FCL,Fineotex Chemical Limited, ,04/09/2024,10/09/2024,03/09/2024, , ,ANNUAL GENERAL MEETING   
EQ,SUYOG,Suyog Telematics Limited,30/08/2024, , ,30/08/2024, , ,DIV - RS 1.25 PER SH     
EQ,SMLISUZU,SML Isuzu Limited, ,07/09/2024,13/09/2024,06/09/2024, , ,ANNUAL GENERAL MEETING   
EQ,SMLISUZU,SML Isuzu Limited,06/09/2024, , ,06/09/2024, , ,DIV - RS 16 PER SH       
EQ,OMAXAUTO,Omax Autos Limited, ,23/08/2024,29/08/2024,22/08/2024, , ,AGM/DIV - RE 1 PER SH    
EQ,SIRCA,Sirca Paint India Limited, ,23/08/2024,29/08/2024,22/08/2024, , ,ANNUAL GENERAL MEETING   
EQ,CAREERP,Career Point Limited,30/08/2024, , ,30/08/2024, , ,INTDIV - RE 1 PER SH     
EQ,DMCC,Dharamsi Morarji Chem Ltd, ,29/08/2024,04/09/2024,28/08/2024, , ,ANNUAL GENERAL MEETING   
EQ,UFLEX,UFLEX Limited, ,31/08/2024,19/09/2024,30/08/2024, , ,AGM/DIV - RE 1 PER SH    
EQ,NUCLEUS,Nucleus Software Exports,03/09/2024, , ,03/09/2024, , ,BUY BACK                 
EQ,HIKAL,Hikal Limited,04/09/2024, , ,04/09/2024, , ,DIV - RE 0.60 PER SH     
EQ,HIKAL,Hikal Limited, ,11/09/2024,17/09/2024,10/09/2024, , ,ANNUAL GENERAL MEETING   
EQ,PARAGMILK,Parag Milk Foods Ltd.,04/09/2024, , ,04/09/2024, , ,DIV - RE 0.50 PER SH     
EQ,PARAGMILK,Parag Milk Foods Ltd., ,05/09/2024,11/09/2024,04/09/2024, , ,ANNUAL GENERAL MEETING   
EQ,KRONOX,Kronox Lab Sciences Ltd, ,24/08/2024,30/08/2024,23/08/2024, , ,AGM/DIV - RE 0.50 PER SH 
EQ,GODFRYPHLP,Godfrey Phillips Ltd., ,24/08/2024,06/09/2024,23/08/2024, , ,AGM/DIV - RS 56 PER SH   
EQ,KTKBANK,Karnataka Bank Limited, ,04/09/2024,10/09/2024,03/09/2024, , ,DIV - RS 5.50 PER SH     
EQ,VSTIND,VST Industries Ltd.,06/09/2024, , ,06/09/2024, , ,BONUS 10:1               
EQ,TVVISION,TV Vision Limited, ,24/08/2024,30/08/2024,23/08/2024, , ,ANNUAL GENERAL MEETING   
EQ,AUROPHARMA,Aurobindo Pharma Ltd., ,27/08/2024,29/08/2024,26/08/2024, , ,ANNUAL GENERAL MEETING   
EQ,JPPOWER, Jaiprakash Power Ven. Lt, ,27/08/2024,02/09/2024,26/08/2024, , ,ANNUAL GENERAL MEETING   
EQ,DHRUV,Dhruv Consultancy Ser Ltd, ,27/08/2024,02/09/2024,26/08/2024, , ,ANNUAL GENERAL MEETING   
EQ,ASTRAMICRO,Astra Microwave Products, ,24/08/2024,30/08/2024,23/08/2024, , ,AGM/DIV - RS 2 PER SH    
EQ,BHAGERIA,Bhageria Industries Ltd, ,24/08/2024,31/08/2024,23/08/2024, , ,AGM/DIV - RE 1 PER SH    
EQ,GLOBUSSPR,Globus Spirits Limited, ,23/08/2024,29/08/2024,22/08/2024, , ,ANNUAL GENERAL MEETING   
EQ,IVC,IL&FS Investment Managers, ,24/08/2024,30/08/2024,23/08/2024, , ,AGM/DIV - RE 0.70 PER SH 
EQ,EKC,Everest Kanto Cylinder Li, ,24/08/2024,30/08/2024,23/08/2024, , ,AGM/DIV - RE 0.70 PER SH 
EQ,LICHSGFIN,LIC Housing Finance Ltd, ,24/08/2024,29/08/2024,23/08/2024, , ,AGM/DIV - RS 9 PER SH    
EQ,LGBBROSLTD,LG Balakrishnan & Bros, ,23/08/2024,29/08/2024,22/08/2024, , ,AGM/DIV - RS 18 PER SH   
EQ,BBL,Bharat Bijlee Ltd, ,22/08/2024,29/08/2024,21/08/2024, , ,AGM/DIV - RS 35 PER SH   
EQ,MANYAVAR,Vedant Fashions Limited, ,24/08/2024,30/08/2024,23/08/2024, , ,AGM/DIV - RS 8.50 PER SH 
EQ,MANORAMA,Manorama Industries Ltd, ,28/08/2024,03/09/2024,27/08/2024, , ,AGM/DIV - RE 0.40 PER SH 
EQ,SOMATEX,Soma Textiles & Ind. Ltd., ,28/08/2024,07/09/2024,27/08/2024, , ,ANNUAL GENERAL MEETING   
EQ,SCHNEIDER,Schneider Electric Infra, ,28/08/2024,03/09/2024,27/08/2024, , ,ANNUAL GENERAL MEETING   
GB,SGBSEP24,2.75% GOLDBONDS2024Tr-V,26/09/2024, , , , , ,REDEMPTION               
GS,GS150924C,GOI STRIPS C 150924,11/09/2024, , , , , ,REDEMPTION               
GS,GS200924C,GOI STRIPS C 200924,18/09/2024, , , , , ,REDEMPTION               
GS,GS090924C,GOI STRIPS C 090924,05/09/2024, , , , , ,REDEMPTION               
MF,UFIQIPRGVI,UTI-FIIF II-QIP- VI-RG,09/09/2024, , , , , ,STP                      
MF,UFIQIPRRVI,UTI-FIIF II-QIP- VI-RDR,09/09/2024, , , , , ,DIV/STP                  
MF,UFIQIPRPVI,UTI-FIIF II-QIP- VI-RDP,09/09/2024, , , , , ,DIV/STP                  
MF,UFDQIPIPVI,UTIAMC - UFDQIPIPVI,09/09/2024, , , , , ,DIV/STP                  
MF,UFDQIPIGVI,UTIAMC - UFDQIPIGVI,09/09/2024, , , , , ,STP                      
MF,UTFDAIPIPI,UTIAMC - UTFDAIPIPI,05/09/2024, , , , , ,DIV/STP                  
MF,UTFIAIPRGI,UTI-FIIF - AIP- I- RG,05/09/2024, , , , , ,STP                      
MF,UTFIAIPRRI,UTI-FIIF  -AIP- I- RDR,05/09/2024, , , , , ,DIV/STP                  
MF,UTFIAIPRPI,UTI-FIIF - AIP- I- RDP,05/09/2024, , , , , ,DIV/STP                  
MF,UTFIAIPIGI,UTI-FIIF - AIP- I- IG,05/09/2024, , , , , ,STP                      
MF,UTFDAIPIGI,UTIAMC - UTFDAIPIGI,05/09/2024, , , , , ,STP                      
MF,UFDQIPIRVI,UTIAMC - UFDQIPIRVI,09/09/2024, , , , , ,DIV/STP                  
N1,CREDITACC,Sec Re NCD 9.45% Sr. I,02/09/2024, , ,02/09/2024, , ,INTEREST PAYMENT         
N3,CREDITACC,Sec Re NCD 9.60% Sr. III,02/09/2024, , ,02/09/2024, , ,INTEREST PAYMENT         
N3,TATACAPHSG,Sec Red NCD 7.92% Sr.II,29/08/2024, , ,29/08/2024, , ,INTEREST PAYMENT         
N4,SMFG,SMFG 8.30% 2025 Sr 106,01/09/2024, , ,30/08/2024, , ,INTEREST PAYMENT         
N4,TATACAPHSG,Sec Red NCD 8.01% Sr.II,29/08/2024, , ,29/08/2024, , ,INTEREST PAYMENT         
N5,NAVIFIN,Sec Re NCD 10.25% Sr.II,03/09/2024, , ,03/09/2024, , ,INTEREST PAYMENT         
N5,CREDITACC,Sec Re NCD 10% Sr. V,02/09/2024, , ,02/09/2024, , ,INTEREST PAYMENT         
N7,NAVIFIN,Sec Re NCD 10.50% Sr.IV,03/09/2024, , ,03/09/2024, , ,INTEREST PAYMENT         
N7,TATACAPHSG,Sec Red NCD 8.01% Sr.IV,29/08/2024, , ,29/08/2024, , ,INTEREST PAYMENT         
N8,TATACAPHSG,Sec Red NCD 8.10% Sr.IV,29/08/2024, , ,29/08/2024, , ,INTEREST PAYMENT         
N9,NAVIFIN,Sec Re NCD 10.00% Sr. I,29/08/2024, , ,29/08/2024, , ,INTEREST PAYMENT         
NA,NAVIFIN,Sec Re NCD 10.40% Sr.II,29/08/2024, , ,29/08/2024, , ,INTEREST PAYMENT         
NC,NAVIFIN,Sec Re NCD 10.65% Sr.IV,29/08/2024, , ,29/08/2024, , ,INTEREST PAYMENT         
SG,495ML24,SDL ML 4.95% 2024,04/09/2024, , , , , ,REDEMPTION               
SG,568MH24,SDL MH 5.68% 2024,20/09/2024, , , , , ,REDEMPTION               
SG,552AP24,SDL AP 5.52% 2024,30/08/2024, , , , , ,REDEMPTION               
SG,579KL24,SDL KL 5.79% 2024,26/09/2024, , , , , ,REDEMPTION               
SG,497AS24,SDL AS 4.97% 2024,29/08/2024, , , , , ,REDEMPTION               
SG,575AP24,SDL AP 5.75% 2024,26/09/2024, , , , , ,REDEMPTION               
SG,56MH24,SDL MH 5.6% 2024,05/09/2024, , , , , ,REDEMPTION               
SG,57MH24,SDL MH 5.7% 2024,11/09/2024, , , , , ,REDEMPTION               
SG,57BR24,SDL BR 5.7% 2024,11/09/2024, , , , , ,REDEMPTION               
SM,KODYTECH,Kody Technolab Limited, ,29/08/2024,05/09/2024,28/08/2024, , ,ANNUAL GENERAL MEETING   
SM,EMKAYTOOLS,Emkay Tap & Cut. Tool Ltd, ,30/08/2024,04/09/2024,29/08/2024, , ,ANNUAL GENERAL MEETING   
SM,LLOYDS,Lloyds Luxuries Limited, ,29/08/2024,04/09/2024,28/08/2024, , ,ANNUAL GENERAL MEETING   
SM,SARTELE,Sar Televenture Limited, ,28/08/2024,03/09/2024,27/08/2024, , ,ANNUAL GENERAL MEETING   
SM,BMETRICS,Bombay Metrics S C Ltd,30/08/2024, , ,30/08/2024, , ,DIV - RE 0.45 PER SH     
SM,AATMAJ,Aatmaj Healthcare Limited,03/09/2024, , ,03/09/2024, , ,DIV - RE 0.05 PER SH     
SM,QFIL,Quality Foils (India) Ltd, ,29/08/2024,04/09/2024,28/08/2024, , ,ANNUAL GENERAL MEETING   
SQ,AATMAJ,Aatmaj Healthcare Limited,03/09/2024, , ,03/09/2024, , ,DIV - RE 0.05 PER SH     
SQ,BMETRICS,Bombay Metrics S C Ltd,30/08/2024, , ,30/08/2024, , ,DIV - RE 0.45 PER SH     
SQ,EMKAYTOOLS,Emkay Tap & Cut. Tool Ltd, ,30/08/2024,04/09/2024,29/08/2024, , ,ANNUAL GENERAL MEETING   
SQ,KODYTECH,Kody Technolab Limited, ,29/08/2024,05/09/2024,28/08/2024, , ,ANNUAL GENERAL MEETING   
SQ,LLOYDS,Lloyds Luxuries Limited, ,29/08/2024,04/09/2024,28/08/2024, , ,ANNUAL GENERAL MEETING   
SQ,SARTELE,Sar Televenture Limited, ,28/08/2024,03/09/2024,27/08/2024, , ,ANNUAL GENERAL MEETING   
SQ,QFIL,Quality Foils (India) Ltd, ,29/08/2024,04/09/2024,28/08/2024, , ,ANNUAL GENERAL MEETING   
ST,SARTELE,Sar Televenture Limited, ,28/08/2024,03/09/2024,27/08/2024, , ,ANNUAL GENERAL MEETING   
ST,BMETRICS,Bombay Metrics S C Ltd,30/08/2024, , ,30/08/2024, , ,DIV - RE 0.45 PER SH     
ST,LLOYDS,Lloyds Luxuries Limited, ,29/08/2024,04/09/2024,28/08/2024, , ,ANNUAL GENERAL MEETING   
ST,EMKAYTOOLS,Emkay Tap & Cut. Tool Ltd, ,30/08/2024,04/09/2024,29/08/2024, , ,ANNUAL GENERAL MEETING   
ST,AATMAJ,Aatmaj Healthcare Limited,03/09/2024, , ,03/09/2024, , ,DIV - RE 0.05 PER SH     
ST,KODYTECH,Kody Technolab Limited, ,29/08/2024,05/09/2024,28/08/2024, , ,ANNUAL GENERAL MEETING   
ST,QFIL,Quality Foils (India) Ltd, ,29/08/2024,04/09/2024,28/08/2024, , ,ANNUAL GENERAL MEETING   
U1,CREDITACC,Sec Re NCD 9.45% Sr. I,02/09/2024, , ,02/09/2024, , ,INTEREST PAYMENT         
U3,CREDITACC,Sec Re NCD 9.60% Sr. III,02/09/2024, , ,02/09/2024, , ,INTEREST PAYMENT         
U3,TATACAPHSG,Sec Red NCD 7.92% Sr.II,29/08/2024, , ,29/08/2024, , ,INTEREST PAYMENT         
U4,SMFG,SMFG 8.30% 2025 Sr 106,01/09/2024, , ,30/08/2024, , ,INTEREST PAYMENT         
U4,TATACAPHSG,Sec Red NCD 8.01% Sr.II,29/08/2024, , ,29/08/2024, , ,INTEREST PAYMENT         
U5,NAVIFIN,Sec Re NCD 10.25% Sr.II,03/09/2024, , ,03/09/2024, , ,INTEREST PAYMENT         
U5,CREDITACC,Sec Re NCD 10% Sr. V,02/09/2024, , ,02/09/2024, , ,INTEREST PAYMENT         
U7,NAVIFIN,Sec Re NCD 10.50% Sr.IV,03/09/2024, , ,03/09/2024, , ,INTEREST PAYMENT         
U7,TATACAPHSG,Sec Red NCD 8.01% Sr.IV,29/08/2024, , ,29/08/2024, , ,INTEREST PAYMENT         
U8,TATACAPHSG,Sec Red NCD 8.10% Sr.IV,29/08/2024, , ,29/08/2024, , ,INTEREST PAYMENT         
U9,NAVIFIN,Sec Re NCD 10.00% Sr. I,29/08/2024, , ,29/08/2024, , ,INTEREST PAYMENT         
UA,NAVIFIN,Sec Re NCD 10.40% Sr.II,29/08/2024, , ,29/08/2024, , ,INTEREST PAYMENT         
UC,NAVIFIN,Sec Re NCD 10.65% Sr.IV,29/08/2024, , ,29/08/2024, , ,INTEREST PAYMENT         

