SYMBOL,SERIES,SECURITY,HIGH/LOW,INDEX FLAG
794TN32,SG,SDL TN 7.94% 2032,H
AAREYDRUGS,EQ,AAREY DRUGS & PHARM LTD,H
ACSAL,SM,ARVIND AND COMPANY,H
AHLADA,BE,AHLADA ENGINEERS LIMITED,H
AJOONI,EQ,AJOONI BIOTECH LIMITED,H
ALMONDZ,BE,ALMONDZ GLOBAL SEC LTD,H
ALPEXSOLAR,ST,ALPEX SOLAR LIMITED,H
ANTGRAPHIC,EQ,ANTARCTICA LTD,H
AURDIS,SM,AURANGABAD DISTILLERY LTD,H
BAHETI,SM,BAHETI RECYCLING IND LTD,H
BANKA,BE,BANKA BIOLOO LIMITED,H
BIL,EQ,BHARTIYA INTERNATIONAL,H
BLUECHIP,BE,BLUE CHIP INDIA LIMITED,H
BRACEPORT,ST,BRACE PORT LOGISTICS LTD,H
CEREBRAINT,BE,CEREBRA INT TECH LTD,H
CINEVISTA,EQ,CINEVISTA LIMITED,H
CLOUD,ST,VARANIUM CLOUD LIMITED,H
CMMIPL,ST,CMM INFRAPROJECTS LIMITED,H
CTE,BE,CAMBRIDGE TECH ENTER LTD,H
DCMFINSERV,BE,DCM FINANCIAL SERVICES LT,H
DESTINY,SM,DESTINY LOGISTICS & I LTD,H
DGCONTENT,BE,DIGICONTENT LIMITED,H
DIGIDRIVE,BE,DIGIDRIVE DISTRIBUTORS L,H
DUGLOBAL,SM,DUDIGITAL GLOBAL LIMITED,H
DYNAMIC,SM,DYNAMIC SRVCS & SEC LTD,H
EIMCOELECO,EQ,EIMCO ELECON (INDIA) LTD,H
EMMIL,SM,ENERGY MISSION MACH IND L,H
ESFL,SM,ESSEN SPECIALITY FILMS L,H
FEL,BZ,FUTURE ENTERPRISES LTD,H
FMNL,EQ,FUTURE MKT NETWORKS LTD,H
FOCUS,BE,FOCUS LIGHTG & FIXTRS LTD,H
GATECH,EQ,GACM TECHNOLOGIES LIMITED,H
GATECHDVR,BE,GACM TECHNOLOGIES LIMITED,H
GENUSPOWER,EQ,GENUS POWER INFRASTRU LTD,H
GUJAPOLLO,BE,GUJ. APOLLO IND. LTD.,H
GVKPIL,BE,GVK POW. & INFRA LTD.,H
HEXATRADEX,EQ,HEXA TRADEX LIMITED,H
HOVS,EQ,HOV SERVICES LTD,H
HRHNEXT,SM,HRH NEXT SERVICES LIMITED,H
HYBRIDFIN,BE,HYBRID FINANCIAL SERVICE,H
IDEALTECHO,ST,IDEAL TECHNOPLAST IND LTD,H
IEL,EQ,INDIABULLS ENT LTD,H
IITL,BE,INDUSTRIAL INV TRUST LTD,H
INDOTHAI,EQ,INDO THAI SEC LTD,H
INFOMEDIA,BE,INFOMEDIA PRESS LIMITED,H
ISHAN,ST,ISHAN INTERNATIONAL LTD,H
ITALIANE,SM,ITALIAN EDIBLES LIMITED,H
JYOTISTRUC,EQ,JYOTI STRUCTURES LTD,H
KCEIL,ST,KAY CEE ENERGY & INFRA L,H
KERNEX,EQ,KERNEX MICROSYS(I) LTD,H
LATTEYS,BE,LATTEYS INDUSTRIES LTD,H
LRRPL,ST,LEAD REC AND RUB PROD LTD,H
LYPSAGEMS,BE,LYPSA GEMS & JEWEL LTD,H
MAITREYA,ST,MAITREYA MEDICARE LIMITED,H
MARINE,BE,MARINE ELECTRICAL (I) LTD,H
MASKINVEST,BE,MASK INVESTMENTS LIMITED,H
MBECL,BE,MCNALLY BH. ENG. CO.LTD,H
MEDICO,BE,MEDICO REMEDIES LIMITED,H
MODIRUBBER,EQ,MODI RUBBER LTD,H
MOXSH,ST,MOXSH OVERSEAS EDUCON LTD,H
MTEDUCARE,BE,MT EDUCARE LTD,H
NEPHROCARE,SM,NEPHRO CARE INDIA LIMITED,H
NITIRAJ,EQ,NITIRAJ ENGINEERS LTD,H
NORBTEAEXP,EQ,NORBEN TEA & EXPORTS LTD,H
OMFURN,SM,OMFURN INDIA LIMITED,H
ORIENTTECH,BE,ORIENT TECHNOLOGIES LTD,H
PANSARI,BE,PANSARI DEVELOPERS LTD,H
PARSVNATH,BE,PARSVNATH DEVELOPER LTD,H
PRUDMOULI,EQ,PRUDENTIAL SUGAR CORPORAT,H
PULZ,SM,PULZ ELECTRONICS LIMITED,H
PVP,BE,PVP VENTURES LIMITED,H
RAJRILTD,BE,RAJ RAYON INDUSTRIES LTD,H
RILINFRA,ST,RACHANA INFRA LTD,H
ROML,EQ,RAJ OIL MILLS LIMITED,H
RSSOFTWARE,BE,R. S. SOFTWARE (INDIA) LI,H
SADBHAV,EQ,SADBHAV ENGINEERING LTD,H
SAMPANN,BE,SAMPANN UTPADAN INDIA LTD,H
SANWARIA,BZ,SANWARIA CONSUMER LIMITED,H
SETUINFRA,BZ,SETUBANDHAN INFRA LTD,H
SHUBHLAXMI,SM,SHUBHLAXMI JEWEL ART LTD,H
SIMBHALS,BE,SIMBHAOLI SUGARS LTD.,H
SINDHUTRAD,EQ,SINDHU TRADE LINKS LTD,H
SITINET,BE,SITI NETWORKS LIMITED,H
SLONE,ST,SLONE INFOSYSTEMS LIMITED,H
SOFTTECH,EQ,SOFTTECH ENGINEERS LTD,H
STARTECK,BE,STARTECK FINANCE LIMITED,H
SURAJEST,BE,SURAJ ESTATE DEVELOPERS L,H
TGL,ST,TEERTH GOPICON LIMITED,H
TRANSWIND,SM,TRANSWIND INFRA LIMITED,H
TVVISION,BE,TV VISION LIMITED,H
VARDMNPOLY,EQ,VARDHMAN POLYTEX LTD.,H
VEEKAYEM,SM,VEEKAYEM FASH & APP LTD,H
VSCL,SM,VADIVARHE SPCLTY CHEM LTD,H
WINSOME,BE,WINSOME YARNS LIMITED,H
YAARI,EQ,YAARI DIGI INT SER LTD,H
YUDIZ,ST,YUDIZ SOLUTIONS LIMITED,H
AARTECH,EQ,AARTECH SOLONICS LIMITED,L
AESTHETIK,ST,AESTHETIK ENGINEERS LTD,L
AGNI,SM,AGNI GREEN POWER LTD,L
AIIL,EQ,AUTHUM INVEST & INFRA LTD,L
AIMTRON,ST,AIMTRON ELECTRONICS LTD,L
AMBICAAGAR,EQ,AMBICA AGAR & AROMAINDLTD,L
AMEYA,SM,AMEYA PRECISION ENG LTD,L
ARENTERP,BE,RAJDARSHAN INDUSTRIES LTD,L
ASCOM,ST,ASCOM LEASIN & INVEST LTD,L
ASIANENE,EQ,ASIAN ENERGY SERVICES LTD,L
ASMS,EQ,BARTRONICS INDIA LIMITED,L
AURUMPP1,X1,AURUM RS. 3.12 PPD UP,L
BALCO,ST,SOLVE PLASTIC PRODUCTS L,L
BBOX,BE,BLACK BOX LIMITED,L
BROOKS,BE,BROOKS LAB LIMITED,L
CANARYS,ST,CANARYS AUTOMATIONS LTD,L
CGRAPHICS,SM,CREATIVE GRAPHICS S IND L,L
CONTI,ST,CONTINENTAL SEED CHEM LTD,L
COUNCODOS,BE,COUNTRY CONDO S LIMITED,L
DHTL,ST,DOCMODE HEALTH TECH LTD,L
DRCSYSTEMS,BE,DRC SYSTEMS INDIA LIMITED,L
DRONE,ST,DRONE DESTINATION LIMITED,L
EFFWA,SM,EFFWA INFRA & RESEARCH L,L
ENFUSE,ST,ENFUSE SOLUTIONS LIMITED,L
EQUIPPP,BE,EQUIPPP SOC IMP TECH LTD,L
ESCONET,ST,ESCONET TECHNOLOGIES LTD,L
ESSARSHPNG,BE,ESSAR SHIPPING LTD,L
FELDVR,BE,FUTURE ENTERPRISES LTD,L
FIBERWEB,BE,FIBERWEB INDIA LIMITED,L
FLFL,BZ,FUT LIFESTYLE FASH LTD,L
FORCAS,ST,FORCAS STUDIO LIMITED,L
GLOBALE,BE,GLOBALE TESSILE LIMITED,L
GRPLTD,BE,GRP LIMITED,L
GSMFOILS,ST,GSM FOILS LIMITED,L
GSTL,ST,GLOBESECURE TECHNO LTD,L
GUJRAFFIA,EQ,GUJARAT RAFFIA INDUST LTD,L
GVPTECH,EQ,GVP INFOTECH LIMITED,L
HIRECT,EQ,HIND RECTIFIER LIMITED,L
HUBTOWN,BE,HUBTOWN LIMITED,L
IMPEXFERRO,BE,IMPEX FERRO TECH LIMITED,L
INDOTECH,BE,INDO TECH TRANSFORM LTD.,L
INSPIRISYS,BE,INSPIRISYS SOLUTIONS LTD,L
JETFREIGHT,BE,JET FREIGHT LOGISTICS LTD,L
K2INFRA,ST,K2 INFRAGEN LIMITED,L
KCK,SM,KCK INDUSTRIES LTD,L
KDL,ST,KORE DIGITAL LIMITED,L
KERNEX,EQ,KERNEX MICROSYS(I) LTD,L
KHAITANLTD,BE,KHAITAN (INDIA)LTD.,L
KODYTECH,SM,KODY TECHNOLAB LIMITED,L
KONTOR,SM,KONTOR SPACE LIMITED,L
KRISHNADEF,ST,KRISHNA DEF AND ALD IND L,L
LATTEYS,BE,LATTEYS INDUSTRIES LTD,L
LGHL,BE,LAXMI GOLDORNA HOUSE LTD,L
MADHUCON,BE,MADHUCON PROJECTS LTD.,L
MAHASTEEL,BE,MAHAMAYA STEEL INDS LTD,L
MANAV,SM,MANAV INFRA PROJECTS LTD,L
MANOMAY,BE,MANOMAY TEX INDIA LTD,L
MAXIND,EQ,MAX INDIA LIMITED,L
MBECL,BE,MCNALLY BH. ENG. CO.LTD,L
MCON,ST,MCON RASAYAN INDIA LTD,L
MEGAFLEX,SM,MEGA FLEX PLASTICS LTD,L
MFML,BE,MAHALAXMI FABRIC MILLS LT,L
MGEL,BE,MANGALAM GLOBAL ENT LTD,L
MILTON,SM,MILTON INDUSTRIES LIMITED,L
MIRCELECTR,BE,MIRCELECTR-DEPO,L
MSPL,EQ,MSP STEEL & POWER LTD.,L
NAGREEKEXP,BE,NAGREEKA EXPORTS LTD.,L
NAHARPOLY,BE,NAHAR POLY FILMS LIMITED,L
NEPHROCARE,SM,NEPHRO CARE INDIA LIMITED,L
NEXTMEDIA,BE,NEXT MEDIAWORKS LIMITED,L
NIRMAN,ST,NIRMAN AGRI GENTICS LTD,L
NKIND,EQ,NK INDUSTRIES LTD,L
NORBTEAEXP,EQ,NORBEN TEA & EXPORTS LTD,L
NPST,SM,NETWORK PEOPLE SRV TECH L,L
OMINFRAL,BE,OM INFRA LIMITED,L
ONDOOR,SM,ON DOOR CONCEPTS LIMITED,L
ORIANA,SM,ORIANA POWER LIMITED,L
ORIENTALTL,BE,ORIENTAL TRIMEX LTD,L
OWAIS,SM,OWAIS METAL & MINERAL,L
PODDARHOUS,BZ,PODDAR HOUSE & DVPT LTD,L
POSITRON,ST,POSITRON ENERGY LIMITED,L
PRAENG,EQ,PRAJAY ENG. SYN. LTD.,L
PRAMARA,SM,PRAMARA PROMOTIONS LTD,L
PRATHAM,SM,PRATHAM EPC PROJECTS LTD,L
PRITIKA,SM,PRITIKA ENG COMPO LTD,L
PRITIKAUTO,EQ,PRITIKA AUTO INDUS LTD,L
PTCIL,BE,PTC INDUSTRIES LIMITED,L
QUADPRO,SM,QUADPRO ITES LIMITED,L
QVCEL,ST,QVC EXPORTS LIMITED,L
RBMINFRA,SM,RBM INFRACON LIMITED,L
REFRACTORY,ST,REFRACTORY SHAPES LIMITED,L
RHFL,EQ,RELIANCE HOME FINANCE LTD,L
RICHA,SM,RICHA INFO SYSTEMS LTD,L
RPPINFRA,BE,R.P.P INFRA PROJECTS LTD.,L
RULKA,ST,RULKA ELECTRICALS LIMITED,L
SADBHIN,BE,SADBHAV INFRA PROJ LTD.,L
SAIFL,SM,SAMEERA AGRO AND INFRA L,L
SAKUMA,EQ,SAKUMA EXPORTS LIMITED,L
SANCO,BZ,SANCO INDUSTRIES LIMITED,L
SATECH,SM,S A TECH SOFTWARE INDIA L,L
SEL,SM,SUNGARNER ENERGIES LTD,L
SGL,BE,STL GLOBAL LIMITED,L
SHEETAL,SM,SHEETAL UNIVERSAL LIMITED,L
SHUBHLAXMI,SM,SHUBHLAXMI JEWEL ART LTD,L
SIMPLEXINF,EQ,SIMPLEX INFRASTRUCTURES L,L
SONUINFRA,ST,SONU INFRATECH LIMITED,L
SPECTRUM,SM,SPECTRUM ELECTRIC IND LTD,L
SPRL,ST,SP REFRACTORIES LIMITED,L
STEL,BE,STEL HOLDINGS LIMITED,L
SUNLITE,ST,SUNLITE RECYCLING IND LTD,L
SUPERSPIN,EQ,SUPER SPINNING MILLS LTD,L
SUPREMEPWR,ST,SUPREME POWER EQUIPMENT L,L
TAC,SM,TAC INFOSEC LIMITED,L
TBI,ST,TBI CORN LIMITED,L
TGL,ST,TEERTH GOPICON LIMITED,L
TIRUPATIFL,BE,TIRUPATI FORGE LIMITED,L
TOUCHWOOD,BE,TOUCHWOOD ENTERTAIN LTD.,L
TPLPLASTEH,BE,TPL PLASTECH LIMITED,L
TREJHARA,EQ,TREJHARA SOLUTIONS LTD,L
TRUST,ST,TRUST FINTECH LIMITED,L
UNIVASTU,EQ,UNIVASTU INDIA LIMITED,L
URAVI,BE,URAVI T AND WEDG LAMP LTD,L
V2RETAIL,BE,V2 RETAIL LIMITED,L
VASA,ST,VASA RETAIL & OVERSEA LTD,L
VILAS,ST,VILAS TRANSCORE LIMITED,L
VINNY,BE,VINNY OVERSEAS LIMITED,L
VINNY-RE,BE,VINNY OVERSEAS LTD,L
VIVIANA,ST,VIVIANA POWER TECH LTD,L
VIVO,SM,VIVO COLLAB SOLUTIONS LTD,L
VLEGOV,EQ,VL E GOV AND IT SOL LTD,L
VMARCIND,SM,V MARC INDIA LIMITED,L
WEBELSOLAR,BE,WEBSOL ENERGY SYSTEM LTD,L
WINDMACHIN,EQ,WINDSOR MACHINES LIMITED,L
WOCKPHARMA,BE,WOCKHARDT LIMITED-DEPO,L
WOMANCART,ST,WOMANCART LIMITED,L
ZENTEC,EQ,ZEN TECHNOLOGIES LIMITED,L
