GAIN_LOSS,SECURITY,CLOSE_PRIC,PREV_CL_PR,PERCENT_CG
 ,Nifty 50 Sec., , , 
 , , , , 
G,TATA MOTORS LIMITED,      1121.65,      1074.55,4.38
G,BAJAJ FINSERV LTD.,      1755.65,      1713.50,2.46
G,BHARAT PETROLEUM CORP  LT,       356.45,       348.15,2.38
G,BAJAJ FINANCE LIMITED,      7063.55,      6900.00,2.37
G,BRITANNIA INDUSTRIES LTD,      5831.40,      5703.35,2.25
G,HCL TECHNOLOGIES LTD,      1751.85,      1719.45,1.88
G,ITC LTD,       505.10,       497.30,1.57
G,RELIANCE INDUSTRIES LTD,      3041.85,      2996.60,1.51
G,BAJAJ AUTO LIMITED,     10807.85,     10656.75,1.42
G,TECH MAHINDRA LIMITED,      1647.35,      1627.35,1.23
G,APOLLO HOSPITALS ENTER. L,      6857.20,      6776.45,1.19
G,HERO MOTOCORP LIMITED,      5374.50,      5311.40,1.19
G,MARUTI SUZUKI INDIA LTD.,     12453.80,     12357.50,.78
G,WIPRO LTD,       538.70,       534.60,.77
G,HINDUSTAN UNILEVER LTD.,      2785.25,      2764.35,.76
G,STATE BANK OF INDIA,       814.50,       809.40,.63
G,BHARTI AIRTEL LIMITED,      1565.90,      1556.35,.61
G,OIL AND NATURAL GAS CORP.,       329.60,       327.80,.55
G,NESTLE INDIA LIMITED,      2504.55,      2492.50,.48
G,ADANI PORT & SEZ LTD,      1476.05,      1469.80,.43
G,AXIS BANK LIMITED,      1175.40,      1170.95,.38
G,COAL INDIA LTD,       527.55,       526.35,.23
G,NTPC LTD,       409.90,       409.05,.21
G,TITAN COMPANY LIMITED,      3533.20,      3527.50,.16
G,TATA CONSULTANCY SERV LT,      4511.80,      4506.05,.13
G,INDUSIND BANK LIMITED,      1417.45,      1415.75,.12
G,HDFC BANK LTD,      1638.55,      1637.10,.09
G,LTIMINDTREE LIMITED,      6132.10,      6127.55,.07
G,CIPLA LTD,      1618.55,      1618.20,.02
G,SBI LIFE INSURANCE CO LTD,      1843.70,      1843.70,0
 , , , , 
L,GRASIM INDUSTRIES LTD,      2676.20,      2715.55,-1.45
L,MAHINDRA & MAHINDRA LTD,      2757.60,      2798.00,-1.44
L,JSW STEEL LIMITED,       939.70,       949.25,-1.01
L,DR. REDDY S LABORATORIES,      6931.15,      6999.30,-0.97
L,KOTAK MAHINDRA BANK LTD,      1777.25,      1791.30,-0.78
L,HDFC LIFE INS CO LTD,       736.90,       742.10,-0.7
L,SUN PHARMACEUTICAL IND L,      1799.20,      1811.85,-0.7
L,HINDALCO  INDUSTRIES  LTD,       700.50,       705.05,-0.65
L,EICHER MOTORS LTD,      4915.90,      4946.85,-0.63
L,TATA STEEL LIMITED,       152.97,       153.70,-0.47
L,DIVI S LABORATORIES LTD,      5012.55,      5030.70,-0.36
L,POWER GRID CORP. LTD.,       333.30,       334.45,-0.34
L,ASIAN PAINTS LIMITED,      3115.85,      3125.50,-0.31
L,INFOSYS LIMITED,      1933.35,      1939.10,-0.3
L,ADANI ENTERPRISES LIMITED,      3020.15,      3028.00,-0.26
L,TATA CONSUMER PRODUCT LTD,      1198.45,      1201.15,-0.22
L,ICICI BANK LTD.,      1221.90,      1223.85,-0.16
L,LARSEN & TOUBRO LTD.,      3683.45,      3689.05,-0.15
L,ULTRATECH CEMENT LIMITED,     11222.00,     11234.80,-0.11
L,SHRIRAM FINANCE LIMITED,      3200.50,      3201.85,-0.04
 , , , , 
 ,Nifty Next 50 Sec., , , 
 , , , , 
G,POWER FIN CORP LTD.,       554.45,       539.25,2.82
G,INDIAN OIL CORP LTD,       176.84,       173.75,1.78
G,REC LIMITED,       626.25,       618.55,1.24
G,JIO FIN SERVICES LTD,       325.65,       322.25,1.06
G,AVENUE SUPERMARTS LIMITED,      5008.80,      4964.85,0.89
G,BAJAJ HOLDINGS & INVS LTD,     10059.60,      9972.45,0.87
G,INFO EDGE (I) LTD,      7682.90,      7622.65,0.79
G,PUNJAB NATIONAL BANK,       115.53,       114.75,0.68
G,SHREE CEMENT LIMITED,     24821.35,     24692.20,0.52
G,TVS MOTOR COMPANY  LTD,      2751.55,      2737.25,0.52
G,TORRENT PHARMACEUTICALS L,      3434.55,      3419.45,0.44
G,ADANI POWER LTD,       644.30,       641.55,0.43
G,COLGATE PALMOLIVE LTD.,      3607.15,      3594.60,0.35
G,CHOLAMANDALAM IN & FIN CO,      1455.60,      1450.70,0.34
G,HAVELLS INDIA LIMITED,      1893.25,      1890.60,0.14
G,SRF LTD,      2540.35,      2539.05,0.05
G,CANARA BANK,       110.28,       110.23,0.05
 , , , , 
L,ADANI ENERGY SOLUTION LTD,      1004.10,      1027.15,-2.24
L,INTERGLOBE AVIATION LTD,      4759.85,      4859.85,-2.06
L,HINDUSTAN AERONAUTICS LTD,      4601.95,      4685.15,-1.78
L,ADANI GREEN ENERGY LTD,      1829.65,      1861.10,-1.69
L,GAIL (INDIA) LTD,       231.91,       235.47,-1.51
L,LIFE INSURA CORP OF INDIA,      1068.85,      1084.50,-1.44
L,SBI CARDS & PAY SER LTD,       721.20,       731.30,-1.38
L,ADANI TOTAL GAS LIMITED,       837.50,       848.80,-1.33
L,BHARAT ELECTRONICS LTD,       296.20,       299.95,-1.25
L,VARUN BEVERAGES LIMITED,      1509.05,      1528.00,-1.24
L,SIEMENS LTD,      6869.30,      6951.45,-1.18
L,SAMVRDHNA MTHRSN INTL LTD,       194.68,       196.97,-1.16
L,TRENT LTD,      7170.65,      7242.10,-0.99
L,JINDAL STEEL & POWER LTD,       960.50,       968.90,-0.87
L,ABB INDIA LIMITED,      7876.50,      7938.40,-0.78
L,BOSCH LIMITED,     31731.85,     31940.15,-0.65
L,AMBUJA CEMENTS LTD,       612.50,       616.40,-0.63
L,DLF LIMITED,       831.90,       837.10,-0.62
L,VEDANTA LIMITED,       463.40,       466.05,-0.57
L,INDIAN RAILWAY FIN CORP L,       179.94,       180.96,-0.56
L,ZYDUS LIFESCIENCES LTD,      1132.05,      1138.30,-0.55
L,INDIAN RAIL TOUR CORP LTD,       923.05,       927.00,-0.43
L,BERGER PAINTS (I) LTD,       572.05,       573.85,-0.31
L,ICICI PRU LIFE INS CO LTD,       742.30,       744.60,-0.31
L,ZOMATO LIMITED,       252.34,       253.04,-0.28
L,MARICO LIMITED,       660.75,       661.90,-0.17
L,ICICI LOMBARD GIC LIMITED,      2138.35,      2141.90,-0.17
L,TATA POWER CO LTD,       430.90,       431.40,-0.12
L,PIDILITE INDUSTRIES LTD,      3080.85,      3083.15,-0.07
L,GODREJ CONSUMER PRODUCTS,      1476.70,      1477.50,-0.05
 , , , , 
 ,OTHER SECURITIES, , , 
 , , , , 
G,ESSEN SPECIALITY FILMS L,       236.25,       196.90,19.98
G,AURANGABAD DISTILLERY LTD,       417.75,       350.35,19.24
G,INTEGRATED PERSO SER LTD,       201.15,       170.55,17.94
G,ENERGY MISSION MACH IND L,       385.70,       329.15,17.18
G,ITALIAN EDIBLES LIMITED,        42.65,        36.65,16.37
G,NUPUR RECYCLERS LIMITED,       101.27,        87.72,15.45
G,CYBERTECH SYSTEMS & SOFTW,       229.57,       201.64,13.85
G,DUDIGITAL GLOBAL LIMITED,        74.85,        65.90,13.58
G,GEEKAY WIRES LIMITED,       120.74,       106.78,13.07
G,ZENITH DRUGS LIMITED,       111.70,       101.05,10.54
G,BETA DRUGS LIMITED,      1663.15,      1505.20,10.49
G,VISHWARAJ SUGAR IND LTD,        18.21,        16.55,10.03
G,HRH NEXT SERVICES LIMITED,        53.90,        49.00,10
G,MODI RUBBER LTD,       118.60,       107.82,10
G,AAREY DRUGS & PHARM LTD,        72.85,        66.23,10
G,HOV SERVICES LTD,        90.35,        82.14,10
G,CINEVISTA LIMITED,        19.52,        17.75,9.97
G,SATI POLY PLAST LIMITED,       213.75,       195.00,9.62
G,GOKUL AGRO RESOURCES LTD,       263.34,       241.31,9.13
G,GENESYS INTL CORPN LTD,       813.95,       746.70,9.01
G,NANDANI CREATION LIMITED,        44.64,        41.00,8.88
G,POKARNA LIMITED,       950.85,       874.45,8.74
G,RAM RATNA WIRES LIMITED,       569.65,       525.75,8.35
G,KUNDAN EDIFICE LIMITED,       163.65,       151.35,8.13
G,TV18 BROADCAST LIMITED,        51.59,        47.91,7.68
G,SEC RE NCD 10.50% SR.VII,       977.00,       910.00,7.36
G,SOFTTECH ENGINEERS LTD,       366.55,       342.55,7.01
G,HONDA I POWER PRODUCT LTD,      3916.85,      3663.85,6.91
G,SHAILY ENG PLASTICS LTD,      1024.10,       959.55,6.73
G,AARTI PHARMALABS LIMITED,       699.50,       655.65,6.69
 , , , , 
L,SEC RE NCD 9.48% SR V,       920.10,      1098.00,-16.2
L,MANAV INFRA PROJECTS LTD,        18.35,        20.35,-9.83
L,SEC RE NCD 9.71% SR VIII,       940.50,      1038.00,-9.39
L,MANGLAM INFRA & ENG LTD,        70.00,        76.80,-8.85
L,ON DOOR CONCEPTS LIMITED,       424.55,       464.35,-8.57
L,RUCHI INFRASTRUCTURE LTD,        16.38,        17.91,-8.54
L,SAMEERA AGRO AND INFRA L,       132.40,       144.70,-8.5
L,BEACON TRUSTEESHIP LTD,       110.35,       120.55,-8.46
L,A AND M JUMBO BAGS LTD,        15.10,        16.45,-8.21
L,RAJPUTANA INDUSTRIES LTD,        92.55,       100.15,-7.59
L,LASA SUPERGENERICS LTD,        29.91,        32.27,-7.31
L,SURAJ LIMITED,       312.75,       337.25,-7.26
L,SATHLOKHAR SYN E&C GLOB L,       499.90,       539.00,-7.25
L,SHREE OSFM E-MOBILITY LTD,       184.10,       198.35,-7.18
L,V.L.INFRAPROJECTS LIMITED,        97.25,       104.60,-7.03
L,PANACEA BIOTEC LTD,       230.71,       247.52,-6.79
L,TROM INDUSTRIES LIMITED,       270.20,       289.70,-6.73
L,ASHAPURA LOGISTICS LTD,       153.70,       164.65,-6.65
L,AVRO INDIA LIMITED,       166.87,       178.69,-6.61
L,SEC RE NCD 10.30% SR.VII,      1299.99,      1390.00,-6.48
L,AKME FINTRADE (INDIA) LTD,       112.68,       120.40,-6.41
L,SHRE PUSH CHEM & FERT LTD,       251.73,       267.49,-5.89
L,MARSHALL MACHINES LTD,        35.67,        37.89,-5.86
L,UCAL LIMITED,       195.95,       207.94,-5.77
L,GP ECO SOLUTIONS INDIA L,       321.50,       340.95,-5.7
L,ESTER INDUSTRIES LTD,       141.83,       150.05,-5.48
L,NAMAN IN-STORE (INDIA) L,       199.35,       210.55,-5.32
L,DATAMATICS GLOBAL SER LTD,       669.85,       707.15,-5.27
L,GLOBAL PET INDUSTRIES LTD,       115.85,       122.25,-5.24
L,WELSPUN LIVING LIMITED,       196.50,       207.26,-5.19
