SECURITY,NEW,PREVIOUS,NEW_STATUS
INFO EDGE (I) LTD,7700,7640.65,H
MAGADH SUGAR & ENERGY LTD,897.4,894,H
NIP IND ETF IT,46.75,45.72,H
UMA EXPORTS LIMITED,151.58,143.64,H
VENUS PIPES & TUBES LTD,2450.35,2381,H
V2 RETAIL LIMITED,1247,1228.3,H
ICICIPRAMC - ICICICONSU,124.26,124.08,H
ICICIPRAMC-ICICIFIN,27.06,27,H
ENTERO HEALTHCARE SOLU L,1355,1344.1,H
SERVICE CARE LIMITED,86.9,85.95,H
MIRAEAMC - SENSEXETF,83.2,82.99,H
21ST CENTURY MGMT SERVICE,118.35,116.03,H
SEC RED NCD 8.01% SR.II,1012,1009,H
SEC RE NCD 8.50% SR.III,1069.8,1063.45,H
GOI TBILL 182D-26/12/24,97.45,97.2,H
VOLTAS LTD,1818.15,1779.45,H
GODREJ INDUSTRIES LTD,1030,1023.9,H
GUJARAT STATE PETRO LTD,423,407,H
COLGATE PALMOLIVE LTD.,3638,3623.9,H
2.50% GOLDBONDS2025SR-VII,7799,7602,H
HARIOM PIPE INDUSTRIES L,888.75,879,H
HDFCAMC - HDFCSML250,184.49,184.35,H
GOI TBILL 182D-05/09/24,99.89,99.84,H
DSPAMC - DSPITETF,44.7,43.7,H
BANSAL WIRE INDUSTRIES L,410.2,392,H
PLATINUM INDUSTRIES LTD,439,438.7,H
POWER INSTRUMENT (G) LTD,167.25,163.98,H
GOI TBILL 182D-09/01/25,97.91,96.77,H
SEC RE NCD 8.20% SR.V,1023.8,1021.75,H
SEC RE NCD 9.48% SR V,1070,1000,H
ABBOTT INDIA LIMITED,30151.1,30145.5,H
GOODLUCK INDIA LIMITED,1179,1168.75,H
GOKUL AGRO RESOURCES LTD,276.7,247.99,H
SBI LIFE INSURANCE CO LTD,1867.75,1854.25,H
AXISAMC - AXISHCETF,147.67,146.43,H
BETA DRUGS LIMITED,1678.9,1595,H
TARAPUR TRANSFORMERS LTD,17.97,17.62,H
ALKEM LABORATORIES LTD.,6064.8,6021.1,H
BIRLASLAMC - HEALTHY,14.95,14.74,H
TATAAML - TNIDETF,98.57,98.09,H
SDL TN 7.94% 2032,105,104.99,H
JET FREIGHT LOGISTICS LTD,21.9,11.85,H
GOI TBILL 364D-09/01/25,97.65,97.4,H
MIRAEAMC - MAN50ETF,268.52,268.42,H
SEC RED NCD 9.70% SR. V,1090,1089,H
IDEAL TECHNOPLAST IND LTD,145.6,138.7,H
NIP IND ETF JUNIOR BEES,824.65,812.9,H
BAJAJ AUTO LIMITED,10850,10715,H
GUJ. APOLLO IND. LTD.,399.7,322,H
SUPREME ENGINEERING LTD,2.72,2.67,H
AARTI PHARMALABS LIMITED,721.7,697.45,H
CHAVDA INFRA LIMITED,188.5,185,H
UTIAMC - NIFITETF,439.7,432,H
BOND 8.65% PA TF TI-SIIB,1191.99,1172.5,H
SHRIRAM - LIQUIDSHRI,1009.74,1009.6,H
GOI TBILL 182D-17/01/25,97.03,96.75,H
SUMIT WOODS LIMITED,130.09,127.54,H
TAXFREE SEC NCD TR1 S2,1118.95,1109,H
MOXSH OVERSEAS EDUCON LTD,197.3,187.95,H
SEC RE NCD 10.75% SR XI,1099.1,1098.9,H
BHARTI AIRTEL LIMITED,1571.7,1564.5,H
HEXA TRADEX LIMITED,321.02,305.74,H
ALBERT DAVID LIMITED,1719.95,1607.9,H
NITIRAJ ENGINEERS LTD,248.3,239.05,H
RAM RATNA WIRES LIMITED,575,539,H
FOCE INDIA LIMITED,1505,1500,H
CONCORD BIOTECH LIMITED,1815,1799,H
KAVVERI TEL. LTD.,35.67,34.98,H
GOI TBILL 91D-05/09/24,99.95,99.8,H
ZENITH DRUGS LIMITED,117.8,105,H
KOTAKMAMC - KOTAKIT,45.65,45.33,H
KOTAKMAMC - KOTAKLOVOL,21.57,21.47,H
GOI TBILL 91D-19/09/24,99.8,99.45,H
MOTILALAMC - MOSMALL250,19.3,18.59,H
PRUDENTIAL SUGAR CORPORAT,30.12,28.69,H
ORIENT TECHNOLOGIES LTD,317.52,302.4,H
GENESYS INTL CORPN LTD,834,777,H
SALZER ELECTRONICS LTD,1142.95,1129,H
KOKUYO CAMLIN LIMITED,209.9,208.25,H
LCC INFOTECH LTD,8.6,8.44,H
SBI-ETF NIFTY NEXT 50,817.05,806.8,H
ICICI PRU LIFE INS CO LTD,754.2,752.45,H
L&T TECHNOLOGY SER. LTD.,6000,5955.5,H
ERIS LIFESCIENCES LIMITED,1399,1351,H
AAREY DRUGS & PHARM LTD,72.85,68,H
AURANGABAD DISTILLERY LTD,420.4,389.8,H
GOI TBILL 364D-10/07/25,95.19,95.15,H
BRACE PORT LOGISTICS LTD,184.65,175.9,H
WELSPUN LIVING LIMITED,212.95,209.9,H
DIAMOND POWER INFRA LTD,1605,1576.55,H
TAX FREE7.39% SR.IB,1059.99,1056.5,H
LEAD REC AND RUB PROD LTD,73.2,69.75,H
QUICK HEAL TECH LTD,740.85,724.8,H
PVP VENTURES LIMITED,33,31.43,H
NAVA LIMITED,1019,999,H
NIPPONAMC - NETFPHARMA,23.62,23.52,H
SHRIRAM PROPERTIES LTD,142.85,141.89,H
MAITREYA MEDICARE LIMITED,281.2,273.4,H
GOI TBILL 364D-03/10/24,99.25,98.39,H
AGI INFRA LIMITED,1048.8,1019.55,H
SLONE INFOSYSTEMS LIMITED,181.15,172.55,H
GOI TBILL 182D-05/12/24,97.86,97.57,H
TEERTH GOPICON LIMITED,675.55,643.4,H
SEC RE NCD 8.10% SR VI,1072.8,1072.4,H
SEC RE NCD 8.94% SR.II,988,979.9,H
GODFREY PHILLIPS INDIA LT,6548.95,5990,H
MULTI COMMODITY EXCHANGE,5019,5010,H
TRANSWARRANTY FIN. LTD.,35.16,34.48,H
MAHAMAYA STEEL INDS LTD,186,185.95,H
GMR POW AND URBAN INFRA L,139,136.3,H
GOI TBILL 91D-12/09/24,99.8,99.7,H
SRI ADHIKARI BRO TELE N L,556,545.1,H
SAMEERA AGRO AND INFRA L,154,144.7,H
SEC RE NCD 8.25% SR.I,1043.12,1039,H
DELPHI WORLD MONEY LTD,246.68,236,H
KRONOX LAB SCIENCES LTD,188.9,184.9,H
CHETANA EDUCATION LIMITED,75.75,78.75,L
AESTHETIK ENGINEERS LTD,98.45,98.7,L
SOLVE PLASTIC PRODUCTS L,87.1,91.65,L
BLB LIMITED,19.63,20.04,L
ONECLICK LOGISTICS IND L,78.05,80.2,L
MANGLAM INFRA & ENG LTD,67.5,75.8,L
FORCAS STUDIO LIMITED,123.85,130.35,L
VINNY OVERSEAS LTD,0.6,1.01,L
MAHALAXMI FABRIC MILLS LT,101.16,106.49,L
QVC EXPORTS LIMITED,145.3,152.95,L
PODDAR HOUSE & DVPT LTD,81.11,82.02,L
DOCMODE HEALTH TECH LTD,120.2,126.35,L
APRAMEYA ENGINEERING LTD,65.5,70.2,L
MEDICAMEN ORGANICS LTD,62.5,64.2,L
ANMOL INDIA LIMITED,34.45,35.16,L
AURUM RS. 3.12 PPD UP,171.4,175.05,L
RAJPUTANA INDUSTRIES LTD,91.55,93.55,L
SEC RE NCD 10.75% SR XI,952,981,L
SHRENIK LIMITED,0.94,0.96,L
RUBFILA INTERNATIONAL LTD,84.79,86.8,L
7.51 NCD 16FEB28 TR1 SR2,1081.01,1081.25,L
PRIZOR VIZTECH LIMITED,139.25,141.05,L
NANDANI CREATION LIMITED,38.11,40.3,L
AVANTEL LIMITED,175,176.56,L
DIVINE POWER ENERGY LTD,81,83,L
FIBERWEB INDIA LIMITED,46.6,48.04,L
DHARIWALCORP LIMITED,145.05,148,L
AARVEE DEN. & EXP. LTD,46.84,47.8,L
KATARIA INDUSTRIES LTD,168,176.1,L
MOTILALAMC - MODEFENCE,74.71,76.6,L
V.L.INFRAPROJECTS LIMITED,95.9,100,L
SEC RE NCD 10.5% SR IV,987,987.18,L
KPI GREEN ENERGY LIMITED,862,890,L
GLOBALE TESSILE LIMITED,66.36,69.86,L

