SYMBOL,SYMBOL P/E,ADJUSTED P/E
THERMAX,76.39,89
RIIL,175.22,175.22
RAYMOND,20.21,19.44
SHREDIGCEM,18.27,18.27
SMLISUZU,23.63,23.63
SUNDRMFAST,53.02,53.02
CRISIL,51.06,51.06
PEL,,140.1
MASTEK,29.66,29.43
TRENT,166.16,249.98
CUMMINSIND,65.46,65.41
JBCHEPHARM,52.06,52.06
INDIAGLYCO,25.16,25.16
IONEXCHANG,48.46,48.46
HIMATSEIDE,14.38,14.38
GFLLIMITED,183.42,183.42
BPCL,8.35,8.09
ATUL,71.98,71.98
ACC,19.7,22.32
MRPL,13.86,13.83
HINDPETRO,10.32,10.32
BAJAJHLDNG,77.72,77.72
ZUARIIND,1.64,
VOLTAS,99.26,99.26
TATASTEEL,,53.17
SPIC,19.5,13.6
SBIN,10.46,9.72
DRREDDY,21.05,21.05
CHAMBLFERT,16.18,16.18
CENTURYTEX,106.98,106.98
CENTENKA,29.55,29.55
FEDERALBNK,11.76,11.76
EPL,37.45,35.5
SRF,61.26,61.26
AEGISLOG,38.19,38.19
HONAUT,84.13,84.13
PRECOT,19.96,25.36
SANDESH,6.23,6.23
ADANIENT,80.02,75.71
INDBANK,23.32,23.32
RAJSREESUG,21.85,21.85
ZENSARTECH,26.45,26.45
KPIL,44.62,44.62
JYOTISTRUC,81.69,81.69
SOTL,22.85,22.85
KARURVYSYA,10.52,10.52
WSI,20.47,19.65
ADVANIHOTR,29.16,29.16
SIMPLEXINF,13.89,13.89
WIPRO,24.77,24.77
JUBLPHARMA,25.36,57.76
SOMANYCERA,30.2,31.29
HLVLTD,60.4,60.4
LIBERTSHOE,65.52,51.21
KAJARIACER,51.07,51.04
MODTHREAD,11.39,11.39
MANGLMCEM,43.68,43.68
POLYPLEX,20.12,20.12
EIHAHOTELS,31.69,31.69
SAIL,22.56,15.21
ABB,104.52,104.52
GRAPHITE,9.6,36.18
DHAMPURSUG,15.02,15.02
COSMOFIRST,26,26
HDFCBANK,17.86,17.76
GMBREW,12.17,12.17
ITC,30.02,30.01
IOC,8.08,8.08
OSWALGREEN,609.78,609.78
HUHTAMAKI,7.29,31.7
RICOAUTO,42.66,41.56
MANINDS,24.22,24.22
SIYSIL,11.95,11.95
ONWARDTEC,33.18,33.18
NCC,26.2,25.52
SEAMECLTD,28.11,29.8
BBTC,9.07,8.75
GICHSGFIN,8.24,8.24
BANARBEADS,22.95,22.95
WSTCSTPAPR,6.5,6.5
VENKEYS,24.13,24.13
PRUDMOULI,15.58,14.44
TFCILTD,18.22,18.22
GTL,1.06,5.06
AGI,23.83,23.83
TATACONSUM,94.58,80.71
ZEEL,43.62,33.3
KOTAKBANK,16.75,19.36
FOSECOIND,47.44,47.66
ANDHRAPAP,9.17,9.17
SCHAEFFLER,67.08,66.83
AMJLAND,18.32,18.32
KSB,78.23,78.23
GODFRYPHLP,44.34,41.85
INGERRAND,57.53,57.53
HINDZINC,26.54,26.54
GRASIM,18.83,18.11
DCW,197.63,183.58
HEUBACHIND,41.24,41.24
CESC,18.44,22.4
BAJFINANCE,28.63,28.63
NAVA,10.34,11.2
CORALFINAC,10.87,10.87
AUTOAXLES,19.06,19.06
DALMIASUG,13.57,13.57
KHAITANLTD,16.95,16.95
ANDHRSUGAR,35.29,33.41
STARPAPER,6.45,6.29
SILINV,21.15,21.15
SUNDRMBRAK,54.59,54.59
MOTHERSON,42.43,41.3
CREST,12.64,12.64
WENDT,73.21,73.21
SHRIRAMFIN,15.71,15.71
MIRZAINT,59.7,59.7
DYNAMATECH,55.39,100.97
ALKYLAMINE,73.01,73.01
RAMCOIND,28.11,28.11
INDRAMEDCO,26.2,26.2
MADRASFERT,22.13,13.61
BANKINDIA,8.11,8.11
ICICIBANK,18.48,18.48
GABRIEL,38.1,38.1
RALLIS,51.54,51.81
PRAKASH,11.51,11.51
KOPRAN,24.81,24.81
GREAVESCOT,,103.23
TATAINVEST,124.03,124.03
SUDARSCHEM,58.49,58.49
IPCALAB,63.07,68.4
HINDALCO,14.71,14.42
GSFC,17.6,17.66
AMBUJACEM,34.73,36.52
EIDPARRY,9.25,9.25
CGPOWER,118.86,121.56
BIRLACORPN,26.08,26.51
BEL,52.26,52.26
ASHAPURMIN,17.26,30.99
PEARLPOLY,41.15,41.15
TTKPRESTIG,59.94,59.94
MARICO,55.65,55.65
KEYFINSERV,6.79,6.79
SANGAMIND,49.23,42.74
STERTOOLS,31.48,31.7
TVSSRICHAK,38.81,36.58
GUJAPOLLO,36.11,36.11
JCHAC,3602.32,182.78
KOTHARIPET,19.56,19.47
GAIL,16.26,16.26
TIPSINDLTD,65.66,65.66
MARKSANS,32.62,32.62
TCI,29.73,29.51
PONNIERODE,10.75,10.75
UNIONBANK,6.69,6.69
GODREJIND,31.16,31.16
UCOBANK,30.92,30.92
JAIBALAJI,17.71,17.71
VAIBHAVGBL,42.69,40.83
POONAWALLA,17.82,25.47
EXCELINDUS,43.33,43.33
AMBICAAGAR,16.12,16.12
TEXINFRA,450.29,450.29
WELENT,21.62,21.62
INDOCO,45.16,49.1
GOKEX,53.31,53.31
SHOPERSTOP,219.54,188.97
JKPAPER,8.28,8.28
VHL,357.26,42.26
SPLIL,16.05,16.05
SASKEN,34.27,34.27
DCBBANK,7.14,7.14
EXCEL,57.62,57.62
NHPC,23.66,23.66
EXPLEOSOL,22.68,22.68
AMRUTANJAN,56.52,56.52
DEN,11.7,11.7
SHILPAMED,145.02,156.1
JSWENERGY,66.01,66.01
HINDCOPPER,87.83,87.83
NESTLEIND,74.07,74.28
UNITEDTEA,14.18,14.18
THANGAMAYL,46.95,46.95
HATHWAY,57.14,56.44
MANINFRA,26.51,26.51
KSL,19.55,19.55
TI,33.22,32.59
BAJAJCON,24.96,24.96
KILITCH,51.23,51.23
GREENPOWER,70.63,110.47
BEDMUTHA,27.9,27.9
COALINDIA,9.28,9.28
RPPINFRA,13.13,13.13
JUBLINDS,76.22,38.67
DHUNINV,12.15,12.15
PIIND,39.33,39.33
OMINFRAL,41.6,41.6
MAITHANALL,4.46,4.46
SAMMAANCAP,6.53,6.53
NATHBIOGEN,10.46,11.23
SDBL,22.31,22.31
CAPLIPOINT,29.14,29.15
FCL,33.47,33.47
LAMBODHARA,41.01,41.01
GANECOS,79.3,79.3
MANAKALUCO,43.46,43.46
VIPULLTD,2.08,2.06
NILAINFRA,36.74,36.74
SATIN,5.31,5.31
GUJGASLTD,32.93,34.13
BALAXI,13.03,15.73
PILANIINVS,40.07,40.07
PRECAM,51.12,72.95
BHAGERIA,44.66,44.66
KDDL,30.01,30.08
BHARATWIRE,21.58,21.58
PARAGMILK,24.12,24.12
ASPINWALL,18.38,18.38
KRISHANA,33.29,33.29
NITIRAJ,25.48,25.48
PFIZER,44.8,45.29
BOSCHLTD,36.99,49.65
DEEPAKFERT,24.86,24.86
MAHSEAMLES,10.42,10.38
BALMLAWRIE,23.54,23.54
MOTOGENFIN,96.36,96.36
RAMCOCEM,55.55,55.55
PGHL,42.98,41.16
ADORWELD,26.66,26.66
TATACHEM,,33.97
ATFL,350.58,721.02
VLSFINANCE,3.98,3.98
SUPREMEIND,67.99,67.99
BALRAMCHIN,23.55,23.55
WEIZMANIND,27.29,27.29
BBOX,60.23,46.99
RANEHOLDIN,25.48,13.14
SUNPHARMA,41.38,40.77
ARE&M,29.28,29.28
ONGC,8.78,8.54
BLUEDART,66.98,66.98
HSCL,58.73,58.73
ARENTERP,16.58,16.58
THOMASCOOK,40.18,40.18
SIEMENS,100.7,100.7
TOKYOPLAST,103.19,103.19
SANOFI,31.41,29.52
KABRAEXTRU,51.6,51.6
PRSMJOHNSN,79.22,
PCBL,36.95,36.95
JINDALSAW,12.45,12.45
STYRENIX,23.8,23.8
CANFINHOME,15.17,15.17
DABUR,61.75,61.75
GESHIP,6.56,6.56
DONEAR,18.04,18.04
HIRECT,95.56,74.37
HBLPOWER,61.69,57.78
LUMAXTECH,20.6,20.6
PITTIENG,50.28,50.28
UNOMINDA,84.85,86.91
PFC,8.3,8.3
LAOPALA,28.78,28.78
NAHARPOLY,2042.38,2042.38
ALPHAGEO,35.12,20.29
NAVINFLUOR,62.69,76.28
V2RETAIL,111.14,111.14
ADSL,26.84,26.84
CIEINDIA,27.36,27.36
CENTUM,,3786.53
DELTACORP,18.42,23.05
ADANIPORTS,34.3,32.71
FDC,27.59,27.59
ADROITINFO,16.24,16.24
INDUSINDBK,12.22,12.22
TRIGYN,24.42,24.42
KOTHARIPRO,39.17,39.17
ITDCEM,31.14,31.14
SONATSOFTW,59.57,4.89
KOKUYOCMLN,47.74,47.74
DHANBANK,46.62,46.62
STCINDIA,16.55,17.51
IVC,78.67,78.67
ALEMBICLTD,41.18,41.18
HCLTECH,28.39,28.39
ZYDUSLIFE,27.39,27.39
RAJESHEXPO,227.68,227.68
IOB,40.85,40.85
AJANTPHARM,45.07,45.07
CALSOFT,56.98,56.98
PNBGILTS,36.34,39.71
NLCINDIA,18.96,18.96
HAVELLS,85.2,85.2
MRO-TEK,34.89,34.89
TRIDENT,57.44,57.46
ACLGATI,229.61,
JISLJALEQS,74.41,74.41
UNITDSPR,74.34,74.53
MPSLTD,36.36,36.36
PNB,11.66,11.66
TIMESGTY,61.7,61.7
CANBK,6.11,6.11
MARUTI,26.92,26.92
VARDHACRLC,23.05,23.05
WELSPUNLIV,28.96,28.96
UNIENTER,30.64,30.64
PETRONET,14.22,14.33
MAHABANK,9.96,9.96
RKFORGE,49.89,49.83
APARINDS,43.56,43.56
TCS,34.63,34.1
COFORGE,52.2,52.8
GUFICBIO,47.38,47.38
SUPRAJIT,42.72,42.72
JSWSTEEL,30.7,32.75
EVEREADY,74.12,74.12
ALLSEC,21.55,26.02
SSWL,5.33,15.65
SURYALAXMI,58.11,31.16
63MOONS,9.56,9.56
GEOJITFSL,18.44,18.44
NECLIFE,149.52,149.52
IDFC,740.46,740.46
IMPAL,21.93,21.93
SUZLON,124.98,116.62
AIAENG,36.66,36.68
ORIENTCER,38.09,42.09
EKC,20.5,20.13
ENIL,33.65,33.65
JAGRAN,12.91,12.91
M&MFIN,19.32,19.32
KEI,67.26,67.24
VAKRANGEE,369.16,391.76
RSYSTEMS,41.09,41.09
BALPHARMA,31.69,31.69
KAMDHENU,28.84,28.84
PIONEEREMB,51.86,51.86
MUNJALAU,28.62,17.08
TECHM,62.29,62.37
GRINDWELL,71.92,71.87
ACE,43.84,43.84
BINANIIND,29.95,
ALICON,33.93,33.93
FIEMIND,22.63,22.63
TORNTPOWER,34.08,34.08
LTFOODS,22.64,22.64
JINDRILL,16.49,16.49
TANLA,23.57,23.57
PTL,23.9,23.9
GANDHITUBE,18.68,18.68
TTL,24.16,67.18
JKTYRE,12.25,11.94
BANSWRAS,20,20
PHOENIXLTD,48.7,48.68
NDLVENTURE,276.47,276.47
SRHHYPOLTD,14.16,12.76
INSECTICID,24.56,24.56
KMSUGAR,15.68,15.68
NAGREEKEXP,25.73,25.73
MEGASOFT,85.33,85.33
ALPA,11.99,12.01
KPRMILL,36.26,36.26
MOTILALOFS,15.84,15.84
KSCL,17.24,17.24
RGL,13.9,13.9
JYOTHYLAB,53.06,53.06
HITECHCORP,21.88,22.62
TARIL,135.09,135.09
BRIGADE,59.02,59.02
MANAKSIA,8.27,6.27
DVL,27.77,27.77
ARIES,18.22,18.22
CORDSCABLE,25.78,25.78
SEPC,152.37,152.37
IRB,43.21,43.21
GSS,29.64,29.64
VGUARD,68.48,68.48
NESCO,18.43,18.43
TITAGARH,66.13,65.76
BAJAJFINSV,17.01,17.01
DIGISPICE,14.97,40.1
GOKUL,311.23,24.43
RBL,22.1,21.65
LOTUSEYE,73.21,74
UBL,119.73,119.73
ZFCVINDIA,70.99,70.99
20MICRONS,19.4,19.03
COUNCODOS,37.09,37.09
TPHQ,28.16,28.16
MHRIL,66.59,66.59
ADANIPOWER,15.48,15.48
OIL,16.61,16.69
ZYDUSWELL,47.89,47.89
SARDAEN,23.22,23.13
AHLUCONT,24.47,40.63
GODREJPROP,66.08,66.08
MMTC,158.58,119.82
WHIRLPOOL,89.86,85.82
VASCONEQ,31.31,31.31
PERSISTENT,66,66
KIRLOSBROS,40.6,40.72
KIRLOSIND,17.27,15.45
IITL,7.5,10.23
DEEPAKNTR,45.6,49.04
RAMKY,17.06,17.06
ASHOKA,9.93,11.24
JWL,65.91,65.91
RESPONIND,39.59,39.59
GRAVITA,57.45,57.45
FMNL,.91,
SUMMITSEC,37.05,32.55
PFS,23.05,23.05
RELAXO,105.78,105.78
DHANUKA,31.52,31.52
LTF,17.2,17.2
FILATEX,23.28,23.28
TDPOWERSYS,52.42,52.42
VASWANI,17.59,17.59
ONELIFECAP,14.16,14.16
TRITURBINE,80.63,80.63
JISLDVREQS,1.19,1.19
RUPA,34.64,33.43
APLAPOLLO,55.95,55.95
IRFC,36.67,36.67
COMPUSOFT,60.04,60.04
RHIM,,44.82
NBCC,79.34,61.09
HEXATRADEX,61.19,61.19
SWANENERGY,29.79,29.79
RTNINDIA,10.2,9.76
THEJO,53.03,53.03
KITEX,32.82,32.82
DUCON,29.46,29.46
TVSHLTD,14.78,14.78
VETO,19.79,19.79
INDUSTOWER,18.11,18.11
JUSTDIAL,25.67,25.67
ESSENTIA,27.52,27.53
PILITA,61.89,61.89
MITCON,21.97,21.97
SREEL,27.84,27.84
WONDERLA,34.78,34.78
GULFOILLUB,21.21,21.21
SUPERHOUSE,16.44,26.41
PDSL,39.09,39.87
MONTECARLO,25.47,25.47
GULPOLY,59.4,59.4
GREENLAM,57.4,57.4
LINC,26.72,26.72
HESTERBIO,114.65,114.65
MANAKSTEEL,18.61,19
IMAGICAA,285.19,67.05
LFIC,5.51,5.51
VRLLOG,67.47,67.88
PRIVISCL,47.92,47.92
ARROWGREEN,31.32,31.32
ALANKIT,30.56,30.56
BALKRISHNA,,17.31
ADANIENSOL,,76.77
RAMASTEEL,53.92,53.92
POWERMECH,40.62,40.56
SHREEPUSHK,20.13,20.13
IDFCFIRSTB,19.42,19.42
PERFECT,56.57,56.57
LUXIND,47.89,47.89
NH,32.26,32.26
HITECH,55.58,55.58
NECCLTD,32.13,32.13
GOKULAGRO,21.63,21.63
HECPROJECT,19.08,19.08
WEALTH,29.46,29.46
INFIBEAM,43.68,43.68
SAGARDEEP,56.52,56.52
SHRIPISTON,20.38,20.38
UNITEDPOLY,28.89,28.89
BLS,47.6,47.6
CONTROLPR,24.1,24.12
INCREDIBLE,36.53,36.53
MOLDTECH,25.41,25.41
QUESS,34.18,33.22
LLOYDSENGG,102.6,102.6
LTIM,39.73,39.73
GATECH,75.38,75.38
MINDTECK,37.04,35.09
DBL,25.06,56.44
BIGBLOC,61.59,61.59
MBAPL,65.91,65.91
CUPID,27.87,27.87
ICICIPRULI,270.1,270.1
HPL,76.7,76.7
JETKNIT,92.83,92.83
JAIPURKURT,27.27,27.27
SAKAR,60.53,60.53
AURDIS,13.73,13.73
PANSARI,43.21,43.21
ARTNIRMAN,125.21,125.21
GICL,67.72,67.72
PNBHOUSING,14.71,14.71
PODDARMENT,15.54,15.54
JETFREIGHT,23.06,25.47
TCIEXP,35.51,35.51
LIBAS,5.49,5.49
CAPTRUST,109.93,109.93
MAHESHWARI,14.4,14.4
MCL,32.71,32.71
PRICOLLTD,40.63,40.63
STEELCITY,10.59,10.59
GLOBAL,14.4,14.4
SANGINITA,58.64,58.64
AKASH,38.63,38.63
DMART,121.89,121.89
AIRAN,14.76,14.76
ARIHANTSUP,22.94,22.94
EIFFL,193.74,193.74
SHANKARA,18.24,18.24
FOCUS,17.66,17.66
SIKKO,34.85,34.85
INFOBEAN,41.72,41.72
BHAGYANGR,35.32,35.32
JALAN,,38.33
VSCL,1330.24,1330.24
TEJASNET,134.66,134.66
ACEINTEG,55.45,55.45
STEELXIND,83.13,83.13
MAGADSUGAR,10.87,10.87
TOTAL,828.94,828.94
SMSLIFE,25.9,25.9
SERVOTECH,263.53,263.53
PASHUPATI,183.78,183.78
CHOLAHLDNG,7.33,7.33
WORTH,13.58,13.58
MPTODAY,6.35,6.37
RMDRIP,88.65,88.65
DPWIRES,19.88,19.88
AARVI,20.04,20.04
TIRUPATI,52.13,52.13
AIROLAM,27.74,27.74
GATECHDVR,19.69,19.69
CMMIPL,18.53,18.53
BETA,39.71,39.71
TIRUPATIFL,39.51,39.51
MILTON,21.56,21.56
MASFIN,19.42,19.42
DPABHUSHAN,42.61,42.61
NAM-INDIA,36.63,36.63
NIACL,40.3,40.3
SECURCRED,5.02,5.02
VERTOZ,145.96,145.96
PULZ,16.57,16.57
ZODIAC,74.69,74.69
SHRADHA,12.33,12.33
INNOVANA,25.7,25.7
ONEPOINT,39.36,39.36
AJOONI,65.19,65.19
MOKSH,16.19,16.19
SILLYMONKS,98.16,98.16
AMBER,84.19,84.19
MHHL,9.89,9.89
SOUTHWEST,43.57,45.77
ARVEE,159,159
BANKA,69.65,69.69
GMMPFAUDLR,41.01,41.01
HINDCON,56.53,56.53
SARVESHWAR,49.06,49.06
MACPOWER,54.24,54.24
BDL,83.9,83.9
BANDHANBNK,12.32,12.32
URAVI,278.37,278.37
MITTAL,22.03,41.08
GIRIRAJ,94.87,94.87
ISEC,13.64,13.64
MIDHANI,99.53,99.53
CONTI,494.07,493.17
AVG,17.48,27.42
MMP,36.39,36.39
NARMADA,16.85,16.85
BSHSL,91.15,91.15
MAHICKRA,81.5,81.5
AAKASH,20.65,20.65
GODHA,58.94,58.94
SOFTTECH,129.48,129.48
ORIENTELEC,81.86,103.71
E2E,137.94,137.94
SIRCA,37.93,37.93
SVLL,79.09,79.09
LATTEYS,115.09,115.09
SONAMLTD,36.09,36.09
ADANIGREEN,257.02,212.89
PRITI,21.68,21.68
RITES,34.33,34.33
GANGAFORGE,190.7,194.33
REPL,25.17,25.17
AVROIND,48.96,48.96
TEMBO,17.78,18.09
AARON,43.1,43.1
SIGIND,16.91,16.91
LAGNAM,15.45,15.45
RPPL,29.32,29.32
AKG,57.15,57.15
IRCON,27.43,27.43
AHLADA,9.98,9.98
SPECTRUM,140.86,140.86
GRSE,55.24,55.24
KRITIKA,45.45,45.45
VINNY,61.42,61.42
BBTCL,32.66,32.66
IRISDOREME,47.91,47.91
ATGL,138.2,138.2
SHUBHLAXMI,19.1,19.1
UNIPARTS,19.77,19.77
TREJHARA,24.33,198.51
AWHCL,20.67,20.67
RPSGVENT,39.12,39.12
SURANI,742.68,742.68
MSTCLTD,25.82,25.82
ARVINDFASN,58.67,56.59
KHFM,129.4,129.4
RVNL,88.86,88.86
METROPOLIS,78.11,78.11
KPITTECH,75.64,75.64
NEOGEN,108.23,108.23
VIKASLIFE,,96.86
CONFIPET,34.26,34.26
DGCONTENT,41.33,41.33
INDIAMART,44.99,44.99
WEL,169.28,169.28
CHEMCON,53.63,53.63
WESTLIFE,309.32,309.32
HNDFDS,68.65,68.65
MAZDOCK,39.76,39.76
IRCTC,62.5,62.34
SECL,1336.9,1336.9
360ONE,46.23,43.09
IIFLSEC,13.61,13.61
FLUOROCHEM,105.27,105.27
KUANTUM,8.24,8.24
CHEMBOND,19.49,19.49
MGEL,18.98,18.98
SBICARD,28.87,28.87
HOMEFIRST,30.07,30.07
CSBBANK,10.25,10.25
ASCOM,30.75,30.65
EASEMYTRIP,64.48,40.14
ROSSARI,36.56,36.56
PRINCEPIPE,34.92,37.84
ESAFSFB,5.32,5.32
ARTEMISMED,66.17,66.17
SUMICHEM,60.84,60.84
LGHL,70.03,74.45
ASALCBR,28.3,28.3
MAHEPC,,2253.3
BAFNAPH,718.43,317.56
SUVENPHAR,112.32,112.32
STOVEKRAFT,79.57,79.57
KSOLVES,35.76,35.76
HAPPSTMNDS,51.31,53.52
AARTISURF,30.41,30.41
BOROLTD,68.76,68.76
MAXHEALTH,79.85,79.85
PAVNAIND,55.95,55.95
KALYANKJIL,99.94,99.94
SHAREINDIA,13.31,13.29
UNIDT,42.02,42.02
ANGELONE,19.73,19.73
ADL,197.87,197.87
SURYODAY,8.64,8.64
ROML,125.62,125.62
RAILTEL,62.81,62
BECTORFOOD,65.12,65.12
NURECA,540.88,540.88
HERANBA,35.52,35.52
LXCHEM,71.48,71.48
FAIRCHEMOR,37.02,37.02
ANURAS,67.61,67.61
ISGEC,39.5,39.5
STYLAMIND,25.88,25.72
CLSEL,11.01,11.01
CARYSIL,41.23,41.23
SHAILY,70.88,70.88
MODISONLTD,33.43,32.98
FIBERWEB,15.29,15.29
BCLIND,16.99,16.99
BHAGCHEM,228.22,228.22
SBCL,42.64,42.64
SMCGLOBAL,7.4,7.4
QMSMEDI,26.24,26.24
NPST,637.01,637.01
ARIHANTCAP,10.67,10.67
SIDDHIKA,17.56,17.56
NAZARA,78.01,77.33
IPL,41.05,41.05
GENCON,21.68,21.68
LODHA,66.87,63.57
HLEGLAS,73.81,68.41
SONACOMS,75,74.4
UTKARSHBNK,10.36,10.36
DRCSYSTEMS,24.41,24.41
PARAS,127.29,127.29
CRAFTSMAN,46.6,46.6
DODLA,36.98,36.98
JUBLINGREA,59.86,59.86
ROLEXRINGS,39.58,35.91
WALPAR,45.97,45.97
SHYAMMETL,20.04,20.04
KIMS,58.27,58.26
MAKS,133.16,67.66
TATVA,88.88,88.88
CLEAN,64.1,64.1
GLS,28.61,28.61
ABSLAMC,25.43,25.43
DEEPINDS,18.68,18.75
ZOMATO,371.17,371.17
BEWLTD,34.95,34.95
PIXTRANS,20.91,20.91
WINDLAS,29.43,29.43
CARTRADE,50.93,50.93
KRSNAA,38.72,38.72
EQUIPPP,2873.71,2873.71
DEVYANI,1500.65,265.51
APTUS,24.75,24.75
SUPRIYA,33.13,33.13
BMETRICS,26.82,26.82
VIJAYA,73.55,72.68
AMIORG,136.04,59.86
IWEL,1081.47,532.06
VINEETLAB,394.58,394.58
SANSERA,42.53,42.53
BAJAJHCARE,,35.58
PRITIKAUTO,32.85,32.85
AAREYDRUGS,35.62,35.62
GRINFRA,12.54,15.61
INTLCONV,6.72,6.72
DUGLOBAL,616.57,616.57
STEELCAS,19.45,19.45
HPAL,42.72,43.06
STARHEALTH,40.78,40.78
KPIGREEN,60.31,59.88
SGIL,45.92,45.92
SJS,31.95,31.95
FINOPB,37.06,37.06
NYKAA,1204.39,1204.39
AWL,88.04,81.6
SAPPHIRE,290.08,290.08
DKEGL,12.65,12.65
QUADPRO,50.84,50.84
PRUDENT,65.57,65.57
NUVOCO,89.47,89.47
TRACXN,140.21,140.21
FUSION,9.09,9.09
COASTCORP,87.7,87.7
MEDPLUS,127.67,127.67
RATEGAIN,53.41,53.41
MANORG,78.53,78.53
METROBRAND,87.36,87.36
PASUPTAC,19.73,19.73
FOODSIN,27.57,27.57
MAPMYINDIA,82.75,82.75
KRITI,41.23,41.23
DESTINY,31.28,31.28
GANESHBE,19.33,19.33
GVPTECH,77.11,77.11
KOTYARK,44.64,44.64
MEDICAMEQ,82.31,82.31
SHIVALIK,56.52,56.52
PRECISION,16.94,16.94
DATAPATTNS,85.23,85.23
COOLCAPS,112.27,112.22
MEDANTA,60.46,60.46
MALLCOM,23.06,23.06
NIDAN,,22.25
IRIS,47.03,47.03
SMLT,23.32,23.32
RADIANTCMS,22.77,22.77
HARIOMPIPE,43.33,43.33
DCMSRIND,14.56,14.56
RAJRILTD,5043.97,5043.97
DYCL,37.82,37.82
FIVESTAR,24.07,24.07
VIRINCHI,34.6,34.6
SBC,70.52,70.52
RICHA,32.86,32.86
ELIN,74.86,74.86
TIMESCAN,12.29,12.29
MADHAVBAUG,77.97,77.97
MHLXMIRU,15.23,15.23
GATEWAY,21.08,21.08
ZIMLAB,30.61,30.61
JTLIND,38.11,38.11
RAINBOW,58.09,58.09
AETHER,142.26,74.48
ROTO,49.88,49.88
GSTL,84.24,84.24
INDOBORAX,15.52,15.52
LANDMARK,44.54,43.97
ETHOSLTD,125.03,125.03
MSUMI,46.62,46.62
KNAGRI,32.88,32.88
HARSHA,39.33,39.33
KRISHIVAL,52.2,52.2
GMRP&UI,5.91,
KCK,192.64,192.64
INDOAMIN,23.7,23.7
PROPEQUITY,27.12,27.12
TVSSCS,9442.92,238.56
SWARAJ,31.16,31.16
ACI,35.03,35.03
RITCO,27.06,27.06
SADHNANIQ,416.96,416.96
SKP,66.07,66.07
CHEVIOT,11.53,11.53
HMAAGRO,45.07,45.07
MWL,27.82,27.82
KFINTECH,67.45,67.45
DCXINDIA,55.74,55.74
ARISTO,19.96,19.96
KAYNES,148.91,148.91
SABAR,14.59,14.59
SWASTIK,165.5,165.5
AXITA,35.44,35.44
PLAZACABLE,115.18,115.18
SENCO,40.51,40.51
USASEEDS,26.57,26.57
TRU,48.07,48.07
RADHIKAJWE,25.97,25.97
SPLPETRO,41.23,41.23
RAMRAT,37.56,37.56
CSLFINANCE,13.8,13.8
AGNI,243.04,243.04
KORE,186.26,182.21
GOYALALUM,62.81,62.81
RUSTOMJEE,152.71,152.71
GENSOL,60.32,60.23
DBOL,25.68,25.68
GSLSU,52.38,52.38
SPORTKING,22.48,22.48
ALLETEC,76.55,76.55
MANORAMA,121.33,121.33
ARABIAN,26.99,26.99
GRMOVER,26.81,26.81
SYNCOMF,67.49,67.45
CLOUD,3.71,3.71
DJML,61.04,61.04
SULA,43.51,43.51
SIGNATURE,383.35,383.35
ANNAPURNA,63.47,63.47
KRITINUT,15.22,15.22
KALAMANDIR,30.99,30.99
AVALON,188.72,188.72
CONCORDBIO,53.64,53.64
GRCL,145.96,145.96
BAIDFIN,17.03,17.03
PHANTOMFX,22.06,22.06
QUICKTOUCH,14.72,14.72
IPSL,22.85,22.85
KAMOPAINTS,99.84,99.84
BLUEJET,53.77,51.5
MVGJL,14.79,14.79
JIWANRAM,21.53,21.53
SCPL,21.73,21.73
SUKHJITS,15,15
ARHAM,47.88,47.88
MANKIND,49.23,49.23
SKYGOLD,67.81,67.81
ARIHANTACA,74.39,74.39
SATINDLTD,6.18,6.18
DIVGIITTS,54.33,54.33
USK,12.21,12.21
ANLON,65.02,65.02
CMNL,19.14,18.87
IKIO,37.88,37.88
MANOMAY,31.58,31.58
FAZE3Q,29.43,29.43
LLOYDSME,29.21,29.21
AARTIPHARM,26.38,26.38
RHL,56.08,56.08
SAHYADRI,16.64,16.64
SAHANA,83.78,83.78
NINSYS,50.35,50.35
DUCOL,40.59,40.59
SBFC,34.85,34.85
SBGLP,88.22,88.22
ASMS,295.9,285
HYBRIDFIN,13.72,13.46
LRRPL,138.4,138.4
ZAGGLE,75.73,75.73
AGARWALFT,371.85,371.85
HONASA,132.13,132.13
RISHABH,40.78,40.78
IRMENERGY,20.55,20.55
SAH,342.07,342.07
DENEERS,19.38,19.38
CYIENTDLM,92.24,92.24
AGUL,17.14,17.14
AKI,123.48,123.48
MASTER,51.83,51.83
YCCL,37.13,37.13
RATNAVEER,23.94,23.94
MOS,43.76,43.76
SECMARK,201.51,201.51
SPECTSTM,22.74,22.74
IDEAFORGE,112.38,112.38
CRAYONS,17.1,17.1
INFOLLION,32.04,32.04
INFINIUM,51.92,51.92
AARTECH,126.75,126.75
ESFL,42.09,42.09
AATMAJ,70.18,70.18
DOLPHIN,209.77,219.31
REDTAPE,58.85,58.85
CELLPOINT,35.53,35.53
SEL,161.17,161.17
GREENCHEF,40.08,40.08
NETWEB,168.72,168.72
PYRAMID,21.86,21.86
MAGSON,26.13,26.13
EMSLIMITED,29.29,29.29
GHCLTEXTIL,31.97,31.97
MONOPHARMA,27.49,27.49
UDS,29.41,29.41
SYNOPTICS,16.62,16.62
ATL,31.32,31.32
RRKABEL,62.95,63.02
COMMITTED,14.5,14.5
SANGANI,21.91,21.91
JLHL,51.85,52.17
NUVAMA,31.89,31.89
DRONE,99.16,99.16
SERVICE,32.73,32.73
KEL,51.78,51.78
NIITMTS,29.82,29.1
VINSYS,23.06,23.06
ACSAL,13.95,13.95
SAROJA,21.01,21.01
SINDHUTRAD,28.48,28.48
ORIANA,75.7,75.7
CHAVDA,23.21,23.21
TRANSTEEL,12.47,12.31
SANDUMA,22.98,22.98
OLIL,44.57,44.57
KODYTECH,552.36,552.36
SCML,21.5,21.5
MUFIN,122.62,119.06
MAL,8.82,8.82
HIGREEN,45.43,45.43
CELLECOR,46.38,46.38
SRGHFL,21.76,21.76
MADHUSUDAN,25.88,25.88
GOYALSALT,33.52,33.52
SHANTHALA,146.8,146.8
MARCO,45.45,45.45
DIAMINESQ,75.59,75.59
KONTOR,123.55,123.55
INSPIRE,17.49,17.49
CELLO,54.02,54.02
CANARYS,53.61,53.61
DIGIKORE,89.85,89.85
SARTELE,79.1,79.1
PARAGON,21.62,21.62
GILLETTE,75.51,75.51
3MINDIA,65.17,65.17
TASTYBITE,219.05,219.05
NRAIL,7.96,7.96
CREATIVE,21.83,21.83
DEVIT,25.97,25.97
DOLLAR,31.32,31.12
PSPPROJECT,22.73,22.73
ERIS,46.13,46.13
GTPL,20.66,20.66
DYNPRO,104.75,104.75
SALASAR,57.33,57.33
THEINVEST,36.82,36.82
SIS,42.46,42.46
VAISHALI,244.58,244.58
GEEKAYWIRE,13.87,13.87
APEX,56.41,56.41
DIXON,183.17,183.17
MATRIMONY,33.4,33.4
SBILIFE,90.86,90.86
JASH,38.99,38.99
GODREJAGRO,44.78,44.78
GICRE,10.29,10.29
IFGLEXPOR,30.31,30.31
SILVERTUC,53.82,53.82
ICEMAKE,46.54,46.54
TOUCHWOOD,49.47,49.49
BCONCEPTS,78.46,78.46
SINTERCOM,291.83,291.83
RAJMET,36.37,36.37
KSHITIJPOL,18.98,48.95
SILGO,20.36,20.36
MARINE,115.23,115.74
TECHNOE,64.92,64.92
SHRIRAMPPS,6.18,6.18
DALBHARAT,40.02,35.78
ANUP,40.32,40.32
PAR,21.32,21.32
POLYCAB,56.67,56.67
EMAMIPAP,8.57,8.57
PPL,15.76,15.76
OAL,68.13,68.13
SATIA,6.91,6.91
AFFLE,73.33,73.33
SPANDANA,10.13,10.13
UJJIVANSFB,6.72,6.72
SAFARI,67.99,67.99
HPIL,140.61,140.61
VISHWARAJ,63.14,63.14
GREENPANEL,40.02,40.02
APOLLOPIPE,58.19,58.19
ROUTE,26.21,27.21
SIGMA,26.53,26.53
EQUITASBNK,14.7,14.7
HINDWAREAP,80.05,80.05
LIKHITHA,26.42,26.42
PATANJALI,73.93,73.93
ATALREAL,39.28,39.28
UNIVPHOTO,14.14,14.14
POWERINDIA,300.83,300.83
RAJRATAN,41.29,41.29
GLAND,42.42,42.42
NDRAUTO,56.54,56.54
AAATECH,44.95,44.95
SIGACHI,33.69,33.69
NIRAJ,20.96,14.08
CAMS,55.86,55.86
UTIAMC,17.08,17.08
ORCHPHARMA,63.58,63.58
INDIGOPNTS,48.22,48.22
MTARTECH,137.26,137.26
UGROCAP,17.76,17.76
YUKEN,73.6,73.6
ANANDRATHI,62.92,62.92
POLICYBZR,572.96,765.3
MONARCH,18.31,18.3
EPIGRAL,31.9,31.9
GOCOLORS,74.07,74.07
CMSINFO,25.71,25.71
TARSONS,64.74,64.74
TEGA,54.43,54.43
LATENTVIEW,61.59,61.59
MICEL,32.75,36.54
PARADEEP,31.3,31.3
TMB,6.74,6.74
MANYAVAR,77.41,77.41
DMCC,71.37,71.37
EMIL,45.02,45.02
UMAEXPORTS,28.04,27.52
AHL,32.31,32.31
ASIANENE,58.01,54.7
NRL,56.55,56.55
CHOICEIN,60.73,60.73
GRWRHITECH,29.79,29.79
EMUDHRA,84.84,84.84
STARTECK,16.71,16.71
ELDEHSG,27.38,27.38
SEJALLTD,87.56,87.56
RELCHEMQ,114.36,114.36
SYRMA,66.97,66.43
CAMPUS,102.74,102.74
VENUSPIPES,49.6,49.6
MEGASTAR,72.32,72.32
RACE,652.9,652.9
DREAMFOLKS,34.25,34.25
DHARMAJ,30.97,30.97
OBCL,47.12,47.12
LICI,16.4,16.4
INOXGREEN,224.54,224.54
BIKAJI,74.3,74.3
HARDWYN,94.87,94.87
MEDICO,43.6,43.6
YATHARTH,36.06,36.06
AKSHAR,47.7,47.7
NGLFINE,32.51,32.51
ATAM,32.07,32.07
LAL,38.37,38.37
POCL,57,57
ASHOKAMET,8.88,8.88
PTCIL,597.27,597.27
AEROFLEX,51.36,51.21
VPRPL,26.43,26.43
KIRLPNU,57.21,54.87
JSWINFRA,61.11,61.11
YASHO,57.89,57.89
JIOFIN,176.22,176.22
TREL,4.99,40.46
AMNPLST,56.79,56.79
EMKAYTOOLS,14.29,14.29
KKVAPOW,106.84,106.84
PROLIFE,10,10
ACCORD,47.08,47.08
MANAV,11.92,11.92
CADSYS,7.69,7.85
GOLDSTAR,69.79,69.79
OMFURN,19.24,19.24
AISL,27.11,27.11
FELIX,69.73,69.73
SOLEX,165,165
MDL,56.68,52.97
PARIN,141.6,141.6
MINDPOOL,157.09,157.09
ABINFRA,84.65,85.87
PARTYCRUS,20.19,20.19
VMARCIND,37.52,37.52
AILIMITED,81.41,81.41
ABCOTS,49.51,49.51
REXPIPES,16.83,16.82
DYNAMIC,74.29,74.29
FOCE,44.49,44.49
JSLL,48.95,48.95
EUROBOND,59.69,59.69
SHIGAN,40.89,40.89
SPRL,24.33,24.33
SONUINFRA,17.44,17.44
LEMERITE,268.62,268.62
KRISHNADEF,111.45,111.45
AMEYA,29.12,29.12
RILINFRA,29.13,29.13
CMRSL,13.32,10.91
JFLLIFE,18.05,18.05
FIDEL,28.73,28.73
VIVIANA,85.29,85.29
KANDARP,34.56,34.56
ISHAN,,286.05
BAHETI,56.5,56.5
MEGAFLEX,47.03,47.03
RITEZONE,16.63,16.63
AMIABLE,10.75,10.75
DOLLEX,9.38,9.38
FROG,32.51,32.51
PRITIKA,85.85,85.85
VERTEXPLUS,123.55,123.55
SRIVASAVI,28.62,28.62
RBMINFRA,68.35,68.35
HOMESFY,64.21,53.79
VIAZ,30.72,30.72
MCON,54.85,54.85
QFIL,22.43,22.43
NIRMAN,54.56,54.56
SYSTANGO,21.55,21.55
AUROIMPEX,14.85,14.85
SHRITECH,13.96,13.96
URBAN,29.09,29.09
KRISHCA,35.47,35.47
REMUS,54.9,54.9
PENTAGON,19.43,19.43
PROV,78.01,78.01
EFACTOR,17.99,17.99
DENTALKART,60.49,60.49
SSFL,84.49,84.49
SAHAJ,27.34,27.34
GLOBALPET,58.1,58.1
PRAMARA,51.31,51.31
ZEAL,26.03,26.03
UNIHEALTH,22.16,22.16
ONDOOR,43.3,42.91
PLADAINFO,9.37,9.37
KARNIKA,31.41,31.41
SAAKSHI,78.6,78.6
BASILIC,48.62,48.62
CPS,80.5,80.5
NEWJAISA,67.24,67.24
HOLMARC,32.5,32.5
VISHNUINFR,32.22,32.22
MICROPRO,19.83,19.83
MAITREYA,35.4,35.4
VINYAS,216.34,216.34
IVP,14.44,14.44
EICHERMOT,37.02,37.02
NEULANDLAB,47.78,50.13
BANARISUG,26.86,26.86
JINDALPOLY,24.88,110.11
BSL,20.94,20.94
JAYNECOIND,31.25,27.87
APCOTEXIND,42.09,42.09
RCF,65.65,72.38
DECCANCE,35.03,23.88
TATAPOWER,42.92,43.26
SUNFLAG,28.12,28.12
SUBROS,44.04,44.04
BHARATRAS,51.72,51.72
TATACOMM,60.65,72.31
MURUDCERA,64.75,64.75
M&M,31.78,31.78
HEIDELBERG,33.32,33.32
PIDILITIND,84.81,82.58
3PLAND,41.47,41.47
HONDAPOWER,40.63,42.38
RUBYMILLS,21.08,21.08
BRITANNIA,62.71,62.14
BBL,46.37,46.37
DCMSHRIRAM,36.22,36.22
CIPLA,30.15,29.13
HEROMOTOCO,25.57,25.57
GIPCL,17.58,17.58
INDIANHUME,28.4,28.4
HINDCOMPOS,26.55,26.55
KAMATHOTEL,12.65,67.4
BANCOINDIA,17.84,17.84
APOLLOTYRE,19.42,18.42
SHANTIGEAR,54.89,54.89
PRECWIRE,42.1,42.1
NILKAMAL,28.08,28.08
ICIL,24.3,24.3
ELGIEQUIP,71.16,71.16
AUROPHARMA,25.94,25.46
EIHOTEL,37.66,37.16
LICHSGFIN,7.82,7.82
BEPL,22.46,22.46
MOREPENLAB,36.98,36.98
GHCL,12.72,12.72
PRAJIND,44.09,47.49
EVERESTIND,110.38,131.28
BPL,43.2,43.2
PGHH,81.73,81.73
VESUVIUS,41.68,41.68
BOMDYEING,1.49,
NAVNETEDUL,4.41,18.97
GLAXO,74.26,65.73
CHOLAFIN,33.45,33.45
INDHOTEL,76,76
LYKALABS,923.73,466.58
GOLDENTOBC,10.69,12.13
ESABINDIA,57.38,57.38
AARTIIND,48.05,48.05
MFSL,82.55,82.55
HEG,57.74,57.74
SURYAROSNI,20.21,20.21
TIMKEN,70.73,70.73
SHREECEM,42.37,42.37
SAKHTISUG,4.76,
AKZOINDIA,37.24,37.24
HINDUNILVR,62.8,62.77
FINPIPE,22.29,37
FINCABLES,30.46,44.42
DCM,34.36,34.36
PVP,12.1,
GREENPLY,42.83,47.08
REMSONSIND,44.61,45.98
SWARAJENG,29.08,29.08
MRF,28.13,28.13
TNPETRO,18.17,16.22
EIMCOELECO,35.41,35.41
JAYAGROGN,15.89,15.89
CUBEXTUB,35.14,35.14
SAMBHAAV,36.57,41.47
BIOFILCHEM,166.61,166.61
ZENITHEXPO,2933.94,2933.94
SOMATEX,5.27,
AARTIDRUGS,34.24,34.24
INDIANCARD,2.31,
DENORA,40.33,40.33
GANESHHOUC,17.8,17.8
JAGSNPHARM,53.53,47.55
KICL,37.97,50.34
HFCL,56.76,56.76
MUTHOOTFIN,17.02,17.02
KARMAENG,126.45,166.11
INVENTURE,17.89,15.55
ORBTEXP,17.88,17.88
AGARIND,15.72,15.72
SNOWMAN,123.03,123.03
INTELLECT,45.03,44.64
MOLDTKPAC,39.94,39.94
MENONBE,9.91,9.91
ZENTEC,102.66,103.88
INOXWIND,495.65,400.97
UFO,79.38,65.93
SKIPPER,46.93,46.93
SYNGENE,68.99,71.45
PKTEA,21.82,21.82
SHARDAMOTR,25.23,25.23
COFFEEDAY,,6.12
UMANGDAIRY,63.91,63.91
ALKEM,34.58,33.05
QUICKHEAL,88.24,88.24
SEQUENT,291.41,
HCG,104.98,111.16
CROMPTON,63.08,63.08
ARMANFIN,10.97,10.97
RADIOCITY,67.66,67.66
BALKRISIND,33.46,33.46
GET&D,151.42,151.42
BERGEPAINT,59.34,59.55
IGARASHI,142.93,142.93
MUNJALSHOW,23.38,21.95
RANASUG,23.03,23.03
UFLEX,,13.57
SPMLINFRA,145,171.5
VSTIND,27.07,27.07
UNIVCABLES,78.65,78.65
IFCI,71.28,71.91
OSWALAGRO,258.01,256.6
IDBI,16.46,16.46
ELECTCAST,15.05,15.05
MANALIPETC,57.06,52.21
SOBHA,427.21,427.29
WANBURY,14.49,28.33
CTE,300.18,300.18
REDINGTON,13.34,13.34
AMDIND,116.87,116.87
BALAMINES,33.82,33.82
KHANDSE,102.68,102.68
SMARTLINK,32.02,32.02
GODREJCP,,77.02
ASAL,64.92,64.92
OLECTRA,162.76,177.19
APTECHT,53.13,48.04
OFSS,40.93,40.93
NUCLEUS,22.13,22.13
OMAXAUTO,19.77,
DIVISLAB,79.78,79.78
RADICO,91.3,91.3
BAGFILMS,22.44,22.44
JSL,23.08,23.79
IGL,23.52,23.52
TVTODAY,16.54,16
SIL,145.86,145.86
PTC,11.64,11.39
BIOCON,20.77,20.99
XPROINDIA,56.1,54
CCL,36.7,36.7
LT,31.91,32.06
CENTEXT,28.26,28.68
NIITLTD,50.63,50.63
GULFPETRO,13.83,13.83
ASTRAMICRO,68.96,68.96
NTPC,19.6,19.6
JBMA,118.71,118.71
DWARKESH,40.91,40.91
XCHANGING,43.05,43.05
CONSOFINVT,12.45,12.45
JPPOWER,10.48,7.56
SAKSOFT,32.4,32.4
MANGALAM,31.11,31.11
WELCORP,20.72,20.72
PRIMESECU,37.63,42.45
JSWHL,67.19,67.19
YESBANK,51.62,51.62
MSPL,70.96,71
GOLDIAM,37.65,37.65
FCSSOFT,,65.25
AURIONPRO,68.01,68.01
TRIVENI,27.28,27.28
NAHARINDUS,43.14,38.43
AROGRANITE,58.83,58.83
FORTIS,60.25,61.27
HILTON,32.93,32.93
HGS,73.05,73.05
TARMAT,,149.32
INDOWIND,44.72,44.72
CERA,53.73,53.45
SAREGAMA,52.63,52.63
ENGINERSIN,41.88,41.88
JAICORPLTD,112.02,112.02
GMDCLTD,20.18,20.18
MAHAPEXLTD,.6,41.49
ASAHIINDIA,52.93,52.93
J&KBANK,6.43,6.43
CUB,11.94,11.94
SOUTHBANK,5.78,5.78
ASTRAZEN,175.71,92.24
AXISBANK,13.52,13.52
CYIENT,32.77,30.91
CYBERTECH,25.34,25.34
GOACARBON,9.93,9.93
SANGHVIMOV,20.31,20.31
RSSOFTWARE,35.5,35.5
NATIONALUM,14.66,17.01
JINDALSTEL,17.68,17.68
NIPPOBATRY,3.03,3.03
BSOFT,28.71,28.71
ACCELYA,28.57,28.64
STAR,143.37,41.69
NRBBEARING,12.42,33.69
BIL,45.9,45.9
KTKBANK,6.37,6.37
BLUESTARCO,71.95,71.95
TVSMOTOR,69.44,69.44
PNC,31.47,31.47
TAJGVK,27.74,27.74
REPRO,100.14,100.14
CHENNPETRO,5.77,5.77
KRBL,14.06,14.06
USHAMART,25.18,25.18
BALAJITELE,109.12,109.12
MPHASIS,37.37,37.37
RUCHINFRA,35.58,112.82
HERITGFOOD,34.05,33.79
INDNIPPON,26.8,26.8
CONCOR,47.37,47.37
KCPSUGIND,6.86,7.46
INDSWFTLAB,2.93,15.47
TNPL,15.9,15.9
NATCOPHARM,16.85,16.85
GARFIBRES,36.52,36.52
SKFINDIA,46.27,46.27
HITECHGEAR,16.43,42.61
PUNJABCHEM,34.95,34.95
MMFL,21.12,21.27
GUJRAFFIA,41.01,41.01
BANKBARODA,6.91,6.91
SKMEGGPROD,12.06,12.06
HUDCO,26.04,26.04
GAEL,18.57,18.57
AXISCADES,58.89,58.89
HIKAL,59.79,59.79
LUPIN,43.87,43.87
BHARTIARTL,101.56,84.28
SURANAT&P,33.45,33.45
GENESYS,91.34,91.34
NSIL,35.48,35.48
MUKANDLTD,23.94,23.94
DATAMATICS,22.41,22.1
ULTRACEMCO,46.42,46.24
INDSWFTLTD,3.28,3.28
KOTARISUG,41.94,41.94
PATELENG,15.64,20.44
JINDALPHOT,60.05,60.05
IIFL,10.51,10.51
CYBERMEDIA,16.48,21.38
GRANULES,34.8,34.8
GENUSPOWER,106.32,106.32
RML,98.14,19.21
IMFA,9.69,9.69
ADFFOODS,39.16,39.16
SASTASUNDR,8.56,8.64
WABAG,32.22,32.04
PRESTIGE,42.55,42.55
JINDWORLD,93.95,93.95
KIRLOSENG,40.55,40.16
PENINLAND,28.74,29.98
WHEELS,30.57,30.57
PREMIERPOL,22.32,22.32
SESHAPAPER,9.92,9.92
FACT,2466.63,300.48
EXIDEIND,47.54,47.54
ELECON,39.71,39.71
LAXMIMACH,54.87,54.87
NELCO,131.64,131.64
MAHSCOOTER,53.78,55.54
LUMAXIND,48.4,48.4
KECL,97.19,97.19
KCP,10.68,10.6
JAYBARMARU,36.86,36.86
INFY,30.18,30.18
IFBIND,75.05,75.05
IGPL,54.57,54.57
GNFC,19.28,19.28
BHARATFORG,85.04,76.67
BASF,43.79,44.46
ARVIND,31.99,32.09
TATAMOTORS,10.64,10.57
SCI,16.81,16.81
LINDEINDIA,141.03,141.03
ESCORTS,41.13,41.13
ASHOKLEY,28.9,28.32
TITAN,90.66,90.66
SUNDARMFIN,34.17,32.77
VEDL,19.55,21.96
RELIANCE,26.03,26.03
NOCIL,37.82,37.82
BATAINDIA,56.52,74.74
CARBORUNIV,67.17,67.17
HINDOILEXP,17.02,20.11
COROMANDEL,34.21,34.21
VINDHYATEL,30.73,30.73
ASIANPAINT,59.59,59.59
BEML,56.66,56.66
TORNTPHARM,66.7,69.64
VTL,21.3,21.3
VIPIND,11126.87,11126.87
BIRLACABLE,78.68,78.68
UNICHEMLAB,,2239.82
JTEKTINDIA,42.36,42.36
TATAELXSI,65.07,65.07
SHREYANIND,5.44,5.44
HCC,18.72,
APOLLOHOSP,92.49,92.6
VIMTALABS,32.8,32.8
NITINSPIN,16.66,16.66
ROHLTD,22.13,22.13
GSPL,9.83,10.01
SAKUMA,23.35,23.35
KEC,56.93,56.93
JKCEMENT,39.44,39.89
INDOTECH,45.2,45.2
BLKASHYAP,41.95,45.09
CENTURYPLY,64.75,63.3
SOLARINDS,96.97,96.97
GALLANTT,28.31,28.31
UTTAMSUGAR,11.93,11.93
KKCL,26.11,26.11
SUNTV,17.07,17.07
GPIL,12.66,12.65
LOKESHMACH,46.82,46.82
SWELECTES,27.03,63.42
RATNAMANI,42.54,42.54
JKLAKSHMI,19.7,19.96
ALLCARGO,208.41,126.2
EMAMILTD,49.31,48.99
VOLTAMP,61.58,61.58
SELAN,32.72,32.72
ANANTRAJ,68.11,68.11
HOVS,35.24,35.24
TALBROAUTO,22.31,31.74
GEECEE,19.58,19.58
JMFINANCIL,256.17,9.61
INSPIRISYS,43.27,43.27
NAUKRI,118.99,112.08
RUCHIRA,10.11,10.11
VENUSREM,16.52,16.52
NFL,41.24,41.24
PLASTIBLEN,21.79,21.79
PARACABLES,27.33,27.33
AVTNPL,26.81,26.81
TIDEWATER,34.64,34.64
SARLAPOLY,17.92,17.92
AUTOIND,28.81,29.51
IZMO,21.14,21.14
TIIL,29.12,28.4
PGIL,25.84,26.46
FSL,40.7,40.7
SMSPHARMA,51.14,51.14
INDIANB,8.67,8.67
PAGEIND,80.02,80.02
ASTRAL,96.35,96.35
THEMISMED,78.27,78.27
NCLIND,13.73,13.73
ICRA,38.55,38.55
BFUTILITIE,15.71,15.71
WEBELSOLAR,,373.93
TIMETECHNO,25.99,25.99
NELCAST,23.73,33.83
DLF,122.06,122.06
CENTRALBK,17.49,17.49
PURVA,135.06,135.06
MAGNUM,40.57,142.09
POWERGRID,19.83,19.83
MANGCHEFER,10.56,10.56
MAANALU,28.21,28.21
BAJAJELEC,87.47,87.47
RELIGARE,31.92,90.27
BVCL,19.9,19.9
EDELWEISS,20.29,20.29
COLPAL,69.14,69.14
KALYANIFRG,49.9,49.9
ECLERX,26.35,26.28
PATINTLOG,27.95,27.95
AMBIKCO,15.63,15.63
CEATLTD,18.64,17.5
BIRLAMONEY,15.11,15.11
JKIL,18.46,18.46
KNRCON,12.04,12.04
HERCULES,50.92,50.92
NMDC,11.29,10.9
NAHARCAP,16.33,16.33
RECLTD,11.13,11.13
DPSCLTD,112.65,112.65
BAJAJ-AUTO,38.45,38.45
RPGLIFE,38.58,38.58
ALMONDZ,20.26,52.1
RANEENGINE,32.23,26.19
ARCHIDPLY,119.07,119.07
VINYLINDIA,33.35,33.35
JOCIL,80.73,80.73
TATAMTRDVR,1.13,1.12
MAWANASUG,9.58,9.58
AJMERA,21.38,21.38
GKWLIMITED,173.83,173.83
VINATIORGA,59.47,59.47
GLOBUSSPR,35.19,35.19
RTNPOWER,.88,
SUNTECK,86.46,86.46
REFEX,37.21,37.22
DLINKINDIA,22.42,22.42
DBCORP,12.4,12.4
BEARDSELL,17.04,17.04
TRF,17.26,17.26
JUBLFOOD,114.37,197.46
EMMBI,21.98,21.98
DBREALTY,8.01,8.52
TEXMOPIPES,80.29,18.54
LGBBROSLTD,14.7,15.38
ISFT,21.48,21.48
SJVN,52.38,55.97
MANAPPURAM,8.06,8.06
HMVL,192.45,192.45
BLISSGVS,15.01,7.41
AHLEAST,8.15,11.04
UGARSUGAR,50.11,50.11
GPPL,29.68,27.61
WELINV,132.11,132.11
ORISSAMINE,1716.94,1716.94
CAREERP,16.12,16.12
CANTABIL,34.85,35.53
OBEROIRLTY,28.54,28.54
CGCL,45.37,45.37
IOLCP,21.91,21.91
PENIND,23.94,23.94
JAMNAAUTO,25.36,25.36
MOIL,23.04,23.04
PSB,65.35,65.35
STEL,73.48,73.48
HINDMOTORS,18.46,18.46
TEXRAIL,85.97,85.97
LOVABLE,79.54,79.54
VADILALIND,19.99,19.99
SYMPHONY,51.07,51.07
VSTTILLERS,31.54,31.54
ASHIANA,50.41,50.41
RUSHIL,22.44,22.44
BODALCHEM,338.4,338.4
ASAHISONG,24.2,191
BROOKS,177.58,177.58
APLLTD,33.28,33.28
PGEL,70.46,70.46
PANAMAPET,12.74,12.74
PAISALO,30.78,30.84
SHAKTIPUMP,38.44,38.44
INDOTHAI,23.11,23.11
DSSL,34.73,34.73
POLYMED,87.63,87.63
VIKASECO,42.98,42.98
KANANIIND,103.77,103.77
MINDACORP,57.95,57.95
DBSTOCKBRO,17.89,17.89
SCHNEIDER,102.86,101.04
NDL,13.39,13.39
TBZ,23.1,23.1
VSSL,23.61,23.61
SPECIALITY,29.72,29.72
MAYURUNIQ,21.26,21.26
ROSSELLIND,160.52,159.08
ZUARI,6.05,6.05
CARERATING,28.05,28.05
REPCOHOME,8.05,8.05
ATULAUTO,103.87,103.87
ORIENTCEM,33.2,33.2
JPOLYINVST,27.42,27.42
AGRITECH,13.67,13.67
CASTROLIND,30.66,30.66
HATSUN,91.72,91.72
GOCLCORP,33.07,30.34
SHARDACROP,35.79,35.79
CIGNITITEC,28.43,27.84
GOODLUCK,26.35,26.35
APOLSINHOT,45.66,45.66
GRPLTD,78.14,72.36
GENUSPAPER,94.53,94.53
VISHNU,25.85,25.85
JMA,9.88,9.88
MANAKCOAT,33.77,33.77
AVANTIFEED,21.93,21.93
TPLPLASTEH,43.49,43.49
PNCINFRA,9,9
ORICONENT,88.57,57.4
AYMSYNTEX,43.62,57.67
MUTHOOTCAP,4.62,
ARVSMART,65.58,65.58
INDIGO,24.03,24.03
SHK,339.04,21.36
TTKHLTCARE,28.68,35.56
SALZERELEC,37.31,37.31
LINCOLN,14.43,14.43
LALPATHLAB,72.71,72.71
OCCL,8.62,8.62
TEAMLEASE,49.71,51.3
VIDHIING,61.81,61.81
KELLTONTEC,23.02,23.02
PDMJEPAPER,10.12,10.12
THYROCARE,60.98,60.86
ALBERTDAVD,12.54,12.54
SALONA,24.45,24.45
PREMEXPLN,113.62,113.62
MAHASTEEL,67.74,83.85
DAMODARIND,45.91,45.91
MGL,14.77,14.77
POKARNA,26.22,26.22
GPTINFRA,35.79,35.79
GROBTEA,42.99,42.99
SOMICONVEY,44.88,44.88
ADVENZYMES,35.98,33.59
SPAL,24.12,24.12
NDGL,12.59,12.59
RBLBANK,10.7,10.7
LTTS,45.95,45.95
GNA,19.76,19.76
MARATHON,22.59,22.59
MASKINVEST,760.49,760.49
ENDURANCE,48.54,48.54
MAZDA,19.05,19.05
VBL,80.43,80.43
KINGFA,30.92,30.92
NBIFIN,151.54,151.54
SFL,51.38,73.12
LAURUSLABS,162.45,162.45
ITDC,99.85,99.75
HISARMETAL,18.21,18.21
SPCENET,136.54,136.54
BHANDARI,27.64,27.64
BSE,73.35,73.35
KALYANI,6,6
JITFINFRA,24.05,27.7
INTENTECH,18.51,18.51
URJA,400.13,400.13
CLEDUCATE,32.7,35.12
WIPL,57.68,57.68
SCHAND,17.2,17.2
STARCEMENT,39.15,39.15
CDSL,65.09,65.09
AUBANK,28.49,27.45
AVADHSUGAR,12.27,12.27
GANGESSECU,36.76,36.76
OPTIEMUS,88.68,88.68
COCHINSHIP,61.64,61.64
ABCAPITAL,17.89,17.89
ICICIGI,63.11,63.11
TCPLPACK,27.56,27.56
TIINDIA,65.77,66.39
KHADIM,125.38,125.38
HDFCLIFE,97.72,97.72
SHALBY,38.19,38.19
NEWGEN,55.48,55.48
GALAXYSURF,33.06,33.06
ASTERDM,60.58,
HGINFRA,18.03,18.41
SUNDARMHLD,35.35,35.35
HAL,38.14,38.14
SANDHAR,31.31,32.37
LEMONTREE,60.47,60.47
CHEMFAB,72.65,72.65
INDOSTAR,34.03,34.03
FINEORG,39.58,39.54
VARROC,17.51,17.51
HBSL,3.16,3.16
HDFCAMC,46.2,46.2
CREDITACC,12.82,12.82
AAVAS,26.85,26.85
CHALET,70.67,70.67
PAKKA,33.66,33.66
FMGOETZE,17.55,17.55
ORIENTHOT,61.21,61.21
KANSAINER,36.08,36.08
CAPACITE,21.55,21.55
DIAMONDYD,42.6,42.6
IEX,50.61,50.61
5PAISA,27.06,27.06
APOLLO,85.7,85.7
